/cart_in;a23_in;a22_in;a21_in;a20_in;a17_in;a16_in;a15_in;a14_in;a13_in;-;n/c(16);/cart_out;a22_out;a21_out;a20_out;a15_out;a14_out;a13_out;-;sourceAddress;-;targetAddress;-;n/c(16)_calc;/cart_out_calc;a22_out_calc;a21_out_calc;a20_out_calc;a15_out_calc;a14_out_calc;a13_out_calc;-;source-target diff?;calc-target match?;0;0;0;0;0;0;0;0;0;0;-;1;0;0;0;0;0;0;0;-;0x000000;-;0x000000;-;1;0;0;0;0;0;0;0;-;;OK;
0;0;0;0;0;0;0;0;0;1;-;1;0;0;0;0;0;0;1;-;0x002000;-;0x002000;-;1;0;0;0;0;0;0;1;-;;OK;
0;0;0;0;0;0;0;0;1;0;-;1;0;0;0;0;0;1;0;-;0x004000;-;0x004000;-;1;0;0;0;0;0;1;0;-;;OK;
0;0;0;0;0;0;0;0;1;1;-;1;0;0;0;0;0;1;1;-;0x006000;-;0x006000;-;1;0;0;0;0;0;1;1;-;;OK;
0;0;0;0;0;0;0;1;0;0;-;1;0;0;0;0;1;0;0;-;0x008000;-;0x008000;-;1;0;0;0;0;1;0;0;-;;OK;
0;0;0;0;0;0;0;1;0;1;-;1;0;0;0;0;1;0;1;-;0x00a000;-;0x00a000;-;1;0;0;0;0;1;0;1;-;;OK;
0;0;0;0;0;0;0;1;1;0;-;1;0;0;0;0;1;1;0;-;0x00c000;-;0x00c000;-;1;0;0;0;0;1;1;0;-;;OK;
0;0;0;0;0;0;0;1;1;1;-;1;0;0;0;0;1;1;1;-;0x00e000;-;0x00e000;-;1;0;0;0;0;1;1;1;-;;OK;
0;0;0;0;0;0;1;0;0;0;-;1;0;0;0;0;0;0;0;-;0x010000;-;0x010000;-;1;0;0;0;0;0;0;0;-;;OK;
0;0;0;0;0;0;1;0;0;1;-;1;0;0;0;0;0;0;1;-;0x012000;-;0x012000;-;1;0;0;0;0;0;0;1;-;;OK;
0;0;0;0;0;0;1;0;1;0;-;1;0;0;0;0;0;1;0;-;0x014000;-;0x014000;-;1;0;0;0;0;0;1;0;-;;OK;
0;0;0;0;0;0;1;0;1;1;-;1;0;0;0;0;0;1;1;-;0x016000;-;0x016000;-;1;0;0;0;0;0;1;1;-;;OK;
0;0;0;0;0;0;1;1;0;0;-;1;0;0;0;0;1;0;0;-;0x018000;-;0x018000;-;1;0;0;0;0;1;0;0;-;;OK;
0;0;0;0;0;0;1;1;0;1;-;1;0;0;0;0;1;0;1;-;0x01a000;-;0x01a000;-;1;0;0;0;0;1;0;1;-;;OK;
0;0;0;0;0;0;1;1;1;0;-;1;0;0;0;0;1;1;0;-;0x01c000;-;0x01c000;-;1;0;0;0;0;1;1;0;-;;OK;
0;0;0;0;0;0;1;1;1;1;-;1;0;0;0;0;1;1;1;-;0x01e000;-;0x01e000;-;1;0;0;0;0;1;1;1;-;;OK;
0;0;0;0;0;1;0;0;0;0;-;1;0;0;0;0;0;0;0;-;0x020000;-;0x020000;-;1;0;0;0;0;0;0;0;-;;OK;
0;0;0;0;0;1;0;0;0;1;-;1;0;0;0;0;0;0;1;-;0x022000;-;0x022000;-;1;0;0;0;0;0;0;1;-;;OK;
0;0;0;0;0;1;0;0;1;0;-;1;0;0;0;0;0;1;0;-;0x024000;-;0x024000;-;1;0;0;0;0;0;1;0;-;;OK;
0;0;0;0;0;1;0;0;1;1;-;1;0;0;0;0;0;1;1;-;0x026000;-;0x026000;-;1;0;0;0;0;0;1;1;-;;OK;
0;0;0;0;0;1;0;1;0;0;-;1;0;0;0;0;1;0;0;-;0x028000;-;0x028000;-;1;0;0;0;0;1;0;0;-;;OK;
0;0;0;0;0;1;0;1;0;1;-;1;0;0;0;0;1;0;1;-;0x02a000;-;0x02a000;-;1;0;0;0;0;1;0;1;-;;OK;
0;0;0;0;0;1;0;1;1;0;-;1;0;0;0;0;1;1;0;-;0x02c000;-;0x02c000;-;1;0;0;0;0;1;1;0;-;;OK;
0;0;0;0;0;1;0;1;1;1;-;1;0;0;0;0;1;1;1;-;0x02e000;-;0x02e000;-;1;0;0;0;0;1;1;1;-;;OK;
0;0;0;0;0;1;1;0;0;0;-;1;0;0;0;0;0;0;0;-;0x030000;-;0x030000;-;1;0;0;0;0;0;0;0;-;;OK;
0;0;0;0;0;1;1;0;0;1;-;1;0;0;0;0;0;0;1;-;0x032000;-;0x032000;-;1;0;0;0;0;0;0;1;-;;OK;
0;0;0;0;0;1;1;0;1;0;-;1;0;0;0;0;0;1;0;-;0x034000;-;0x034000;-;1;0;0;0;0;0;1;0;-;;OK;
0;0;0;0;0;1;1;0;1;1;-;1;0;0;0;0;0;1;1;-;0x036000;-;0x036000;-;1;0;0;0;0;0;1;1;-;;OK;
0;0;0;0;0;1;1;1;0;0;-;1;0;0;0;0;1;0;0;-;0x038000;-;0x038000;-;1;0;0;0;0;1;0;0;-;;OK;
0;0;0;0;0;1;1;1;0;1;-;1;0;0;0;0;1;0;1;-;0x03a000;-;0x03a000;-;1;0;0;0;0;1;0;1;-;;OK;
0;0;0;0;0;1;1;1;1;0;-;1;0;0;0;0;1;1;0;-;0x03c000;-;0x03c000;-;1;0;0;0;0;1;1;0;-;;OK;
0;0;0;0;0;1;1;1;1;1;-;1;0;0;0;0;1;1;1;-;0x03e000;-;0x03e000;-;1;0;0;0;0;1;1;1;-;;OK;
0;0;0;0;1;0;0;0;0;0;-;1;0;0;0;1;0;0;0;-;0x100000;-;0x100000;-;1;0;0;0;1;0;0;0;-;;OK;
0;0;0;0;1;0;0;0;0;1;-;1;0;0;0;1;0;0;1;-;0x102000;-;0x102000;-;1;0;0;0;1;0;0;1;-;;OK;
0;0;0;0;1;0;0;0;1;0;-;1;0;0;0;1;0;1;0;-;0x104000;-;0x104000;-;1;0;0;0;1;0;1;0;-;;OK;
0;0;0;0;1;0;0;0;1;1;-;1;0;0;0;1;0;1;1;-;0x106000;-;0x106000;-;1;0;0;0;1;0;1;1;-;;OK;
0;0;0;0;1;0;0;1;0;0;-;1;0;0;0;1;1;0;0;-;0x108000;-;0x108000;-;1;0;0;0;1;1;0;0;-;;OK;
0;0;0;0;1;0;0;1;0;1;-;1;0;0;0;1;1;0;1;-;0x10a000;-;0x10a000;-;1;0;0;0;1;1;0;1;-;;OK;
0;0;0;0;1;0;0;1;1;0;-;1;0;0;0;1;1;1;0;-;0x10c000;-;0x10c000;-;1;0;0;0;1;1;1;0;-;;OK;
0;0;0;0;1;0;0;1;1;1;-;1;0;0;0;1;1;1;1;-;0x10e000;-;0x10e000;-;1;0;0;0;1;1;1;1;-;;OK;
0;0;0;0;1;0;1;0;0;0;-;1;0;0;0;1;0;0;0;-;0x110000;-;0x110000;-;1;0;0;0;1;0;0;0;-;;OK;
0;0;0;0;1;0;1;0;0;1;-;1;0;0;0;1;0;0;1;-;0x112000;-;0x112000;-;1;0;0;0;1;0;0;1;-;;OK;
0;0;0;0;1;0;1;0;1;0;-;1;0;0;0;1;0;1;0;-;0x114000;-;0x114000;-;1;0;0;0;1;0;1;0;-;;OK;
0;0;0;0;1;0;1;0;1;1;-;1;0;0;0;1;0;1;1;-;0x116000;-;0x116000;-;1;0;0;0;1;0;1;1;-;;OK;
0;0;0;0;1;0;1;1;0;0;-;1;0;0;0;1;1;0;0;-;0x118000;-;0x118000;-;1;0;0;0;1;1;0;0;-;;OK;
0;0;0;0;1;0;1;1;0;1;-;1;0;0;0;1;1;0;1;-;0x11a000;-;0x11a000;-;1;0;0;0;1;1;0;1;-;;OK;
0;0;0;0;1;0;1;1;1;0;-;1;0;0;0;1;1;1;0;-;0x11c000;-;0x11c000;-;1;0;0;0;1;1;1;0;-;;OK;
0;0;0;0;1;0;1;1;1;1;-;1;0;0;0;1;1;1;1;-;0x11e000;-;0x11e000;-;1;0;0;0;1;1;1;1;-;;OK;
0;0;0;0;1;1;0;0;0;0;-;1;0;0;0;1;0;0;0;-;0x120000;-;0x120000;-;1;0;0;0;1;0;0;0;-;;OK;
0;0;0;0;1;1;0;0;0;1;-;1;0;0;0;1;0;0;1;-;0x122000;-;0x122000;-;1;0;0;0;1;0;0;1;-;;OK;
0;0;0;0;1;1;0;0;1;0;-;1;0;0;0;1;0;1;0;-;0x124000;-;0x124000;-;1;0;0;0;1;0;1;0;-;;OK;
0;0;0;0;1;1;0;0;1;1;-;1;0;0;0;1;0;1;1;-;0x126000;-;0x126000;-;1;0;0;0;1;0;1;1;-;;OK;
0;0;0;0;1;1;0;1;0;0;-;1;0;0;0;1;1;0;0;-;0x128000;-;0x128000;-;1;0;0;0;1;1;0;0;-;;OK;
0;0;0;0;1;1;0;1;0;1;-;1;0;0;0;1;1;0;1;-;0x12a000;-;0x12a000;-;1;0;0;0;1;1;0;1;-;;OK;
0;0;0;0;1;1;0;1;1;0;-;1;0;0;0;1;1;1;0;-;0x12c000;-;0x12c000;-;1;0;0;0;1;1;1;0;-;;OK;
0;0;0;0;1;1;0;1;1;1;-;1;0;0;0;1;1;1;1;-;0x12e000;-;0x12e000;-;1;0;0;0;1;1;1;1;-;;OK;
0;0;0;0;1;1;1;0;0;0;-;1;0;0;0;1;0;0;0;-;0x130000;-;0x130000;-;1;0;0;0;1;0;0;0;-;;OK;
0;0;0;0;1;1;1;0;0;1;-;1;0;0;0;1;0;0;1;-;0x132000;-;0x132000;-;1;0;0;0;1;0;0;1;-;;OK;
0;0;0;0;1;1;1;0;1;0;-;1;0;0;0;1;0;1;0;-;0x134000;-;0x134000;-;1;0;0;0;1;0;1;0;-;;OK;
0;0;0;0;1;1;1;0;1;1;-;1;0;0;0;1;0;1;1;-;0x136000;-;0x136000;-;1;0;0;0;1;0;1;1;-;;OK;
0;0;0;0;1;1;1;1;0;0;-;1;0;0;0;1;1;0;0;-;0x138000;-;0x138000;-;1;0;0;0;1;1;0;0;-;;OK;
0;0;0;0;1;1;1;1;0;1;-;1;0;0;0;1;1;0;1;-;0x13a000;-;0x13a000;-;1;0;0;0;1;1;0;1;-;;OK;
0;0;0;0;1;1;1;1;1;0;-;1;0;0;0;1;1;1;0;-;0x13c000;-;0x13c000;-;1;0;0;0;1;1;1;0;-;;OK;
0;0;0;0;1;1;1;1;1;1;-;1;0;0;0;1;1;1;1;-;0x13e000;-;0x13e000;-;1;0;0;0;1;1;1;1;-;;OK;
0;0;0;1;0;0;0;0;0;0;-;1;0;0;1;0;0;0;0;-;0x200000;-;0x200000;-;1;0;0;1;0;0;0;0;-;;OK;
0;0;0;1;0;0;0;0;0;1;-;1;0;0;1;0;0;0;1;-;0x202000;-;0x202000;-;1;0;0;1;0;0;0;1;-;;OK;
0;0;0;1;0;0;0;0;1;0;-;1;0;0;1;0;0;1;0;-;0x204000;-;0x204000;-;1;0;0;1;0;0;1;0;-;;OK;
0;0;0;1;0;0;0;0;1;1;-;1;0;1;1;1;0;0;0;-;0x206000;-;0x700000;-;1;0;1;1;1;0;0;0;-;DIFF;OK;
0;0;0;1;0;0;0;1;0;0;-;1;0;0;1;0;1;0;0;-;0x208000;-;0x208000;-;1;0;0;1;0;1;0;0;-;;OK;
0;0;0;1;0;0;0;1;0;1;-;1;0;0;1;0;1;0;1;-;0x20a000;-;0x20a000;-;1;0;0;1;0;1;0;1;-;;OK;
0;0;0;1;0;0;0;1;1;0;-;1;0;0;1;0;1;1;0;-;0x20c000;-;0x20c000;-;1;0;0;1;0;1;1;0;-;;OK;
0;0;0;1;0;0;0;1;1;1;-;1;0;0;1;0;1;1;1;-;0x20e000;-;0x20e000;-;1;0;0;1;0;1;1;1;-;;OK;
0;0;0;1;0;0;1;0;0;0;-;1;0;0;1;0;0;0;0;-;0x210000;-;0x210000;-;1;0;0;1;0;0;0;0;-;;OK;
0;0;0;1;0;0;1;0;0;1;-;1;0;0;1;0;0;0;1;-;0x212000;-;0x212000;-;1;0;0;1;0;0;0;1;-;;OK;
0;0;0;1;0;0;1;0;1;0;-;1;0;0;1;0;0;1;0;-;0x214000;-;0x214000;-;1;0;0;1;0;0;1;0;-;;OK;
0;0;0;1;0;0;1;0;1;1;-;1;0;1;1;1;0;0;1;-;0x216000;-;0x712000;-;1;0;1;1;1;0;0;1;-;DIFF;OK;
0;0;0;1;0;0;1;1;0;0;-;1;0;0;1;0;1;0;0;-;0x218000;-;0x218000;-;1;0;0;1;0;1;0;0;-;;OK;
0;0;0;1;0;0;1;1;0;1;-;1;0;0;1;0;1;0;1;-;0x21a000;-;0x21a000;-;1;0;0;1;0;1;0;1;-;;OK;
0;0;0;1;0;0;1;1;1;0;-;1;0;0;1;0;1;1;0;-;0x21c000;-;0x21c000;-;1;0;0;1;0;1;1;0;-;;OK;
0;0;0;1;0;0;1;1;1;1;-;1;0;0;1;0;1;1;1;-;0x21e000;-;0x21e000;-;1;0;0;1;0;1;1;1;-;;OK;
0;0;0;1;0;1;0;0;0;0;-;1;0;0;1;0;0;0;0;-;0x220000;-;0x220000;-;1;0;0;1;0;0;0;0;-;;OK;
0;0;0;1;0;1;0;0;0;1;-;1;0;0;1;0;0;0;1;-;0x222000;-;0x222000;-;1;0;0;1;0;0;0;1;-;;OK;
0;0;0;1;0;1;0;0;1;0;-;1;0;0;1;0;0;1;0;-;0x224000;-;0x224000;-;1;0;0;1;0;0;1;0;-;;OK;
0;0;0;1;0;1;0;0;1;1;-;1;0;1;1;1;0;1;0;-;0x226000;-;0x724000;-;1;0;1;1;1;0;1;0;-;DIFF;OK;
0;0;0;1;0;1;0;1;0;0;-;1;0;0;1;0;1;0;0;-;0x228000;-;0x228000;-;1;0;0;1;0;1;0;0;-;;OK;
0;0;0;1;0;1;0;1;0;1;-;1;0;0;1;0;1;0;1;-;0x22a000;-;0x22a000;-;1;0;0;1;0;1;0;1;-;;OK;
0;0;0;1;0;1;0;1;1;0;-;1;0;0;1;0;1;1;0;-;0x22c000;-;0x22c000;-;1;0;0;1;0;1;1;0;-;;OK;
0;0;0;1;0;1;0;1;1;1;-;1;0;0;1;0;1;1;1;-;0x22e000;-;0x22e000;-;1;0;0;1;0;1;1;1;-;;OK;
0;0;0;1;0;1;1;0;0;0;-;1;0;0;1;0;0;0;0;-;0x230000;-;0x230000;-;1;0;0;1;0;0;0;0;-;;OK;
0;0;0;1;0;1;1;0;0;1;-;1;0;0;1;0;0;0;1;-;0x232000;-;0x232000;-;1;0;0;1;0;0;0;1;-;;OK;
0;0;0;1;0;1;1;0;1;0;-;1;0;0;1;0;0;1;0;-;0x234000;-;0x234000;-;1;0;0;1;0;0;1;0;-;;OK;
0;0;0;1;0;1;1;0;1;1;-;1;0;1;1;1;0;1;1;-;0x236000;-;0x736000;-;1;0;1;1;1;0;1;1;-;DIFF;OK;
0;0;0;1;0;1;1;1;0;0;-;1;0;0;1;0;1;0;0;-;0x238000;-;0x238000;-;1;0;0;1;0;1;0;0;-;;OK;
0;0;0;1;0;1;1;1;0;1;-;1;0;0;1;0;1;0;1;-;0x23a000;-;0x23a000;-;1;0;0;1;0;1;0;1;-;;OK;
0;0;0;1;0;1;1;1;1;0;-;1;0;0;1;0;1;1;0;-;0x23c000;-;0x23c000;-;1;0;0;1;0;1;1;0;-;;OK;
0;0;0;1;0;1;1;1;1;1;-;1;0;0;1;0;1;1;1;-;0x23e000;-;0x23e000;-;1;0;0;1;0;1;1;1;-;;OK;
0;0;0;1;1;0;0;0;0;0;-;1;0;0;1;1;0;0;0;-;0x300000;-;0x300000;-;1;0;0;1;1;0;0;0;-;;OK;
0;0;0;1;1;0;0;0;0;1;-;1;0;0;1;1;0;0;1;-;0x302000;-;0x302000;-;1;0;0;1;1;0;0;1;-;;OK;
0;0;0;1;1;0;0;0;1;0;-;1;0;0;1;1;0;1;0;-;0x304000;-;0x304000;-;1;0;0;1;1;0;1;0;-;;OK;
0;0;0;1;1;0;0;0;1;1;-;1;0;1;1;1;0;0;0;-;0x306000;-;0x700000;-;1;0;1;1;1;0;0;0;-;DIFF;OK;
0;0;0;1;1;0;0;1;0;0;-;1;0;0;1;1;1;0;0;-;0x308000;-;0x308000;-;1;0;0;1;1;1;0;0;-;;OK;
0;0;0;1;1;0;0;1;0;1;-;1;0;0;1;1;1;0;1;-;0x30a000;-;0x30a000;-;1;0;0;1;1;1;0;1;-;;OK;
0;0;0;1;1;0;0;1;1;0;-;1;0;0;1;1;1;1;0;-;0x30c000;-;0x30c000;-;1;0;0;1;1;1;1;0;-;;OK;
0;0;0;1;1;0;0;1;1;1;-;1;0;0;1;1;1;1;1;-;0x30e000;-;0x30e000;-;1;0;0;1;1;1;1;1;-;;OK;
0;0;0;1;1;0;1;0;0;0;-;1;0;0;1;1;0;0;0;-;0x310000;-;0x310000;-;1;0;0;1;1;0;0;0;-;;OK;
0;0;0;1;1;0;1;0;0;1;-;1;0;0;1;1;0;0;1;-;0x312000;-;0x312000;-;1;0;0;1;1;0;0;1;-;;OK;
0;0;0;1;1;0;1;0;1;0;-;1;0;0;1;1;0;1;0;-;0x314000;-;0x314000;-;1;0;0;1;1;0;1;0;-;;OK;
0;0;0;1;1;0;1;0;1;1;-;1;0;1;1;1;0;0;1;-;0x316000;-;0x712000;-;1;0;1;1;1;0;0;1;-;DIFF;OK;
0;0;0;1;1;0;1;1;0;0;-;1;0;0;1;1;1;0;0;-;0x318000;-;0x318000;-;1;0;0;1;1;1;0;0;-;;OK;
0;0;0;1;1;0;1;1;0;1;-;1;0;0;1;1;1;0;1;-;0x31a000;-;0x31a000;-;1;0;0;1;1;1;0;1;-;;OK;
0;0;0;1;1;0;1;1;1;0;-;1;0;0;1;1;1;1;0;-;0x31c000;-;0x31c000;-;1;0;0;1;1;1;1;0;-;;OK;
0;0;0;1;1;0;1;1;1;1;-;1;0;0;1;1;1;1;1;-;0x31e000;-;0x31e000;-;1;0;0;1;1;1;1;1;-;;OK;
0;0;0;1;1;1;0;0;0;0;-;1;0;0;1;1;0;0;0;-;0x320000;-;0x320000;-;1;0;0;1;1;0;0;0;-;;OK;
0;0;0;1;1;1;0;0;0;1;-;1;0;0;1;1;0;0;1;-;0x322000;-;0x322000;-;1;0;0;1;1;0;0;1;-;;OK;
0;0;0;1;1;1;0;0;1;0;-;1;0;0;1;1;0;1;0;-;0x324000;-;0x324000;-;1;0;0;1;1;0;1;0;-;;OK;
0;0;0;1;1;1;0;0;1;1;-;1;0;1;1;1;0;1;0;-;0x326000;-;0x724000;-;1;0;1;1;1;0;1;0;-;DIFF;OK;
0;0;0;1;1;1;0;1;0;0;-;1;0;0;1;1;1;0;0;-;0x328000;-;0x328000;-;1;0;0;1;1;1;0;0;-;;OK;
0;0;0;1;1;1;0;1;0;1;-;1;0;0;1;1;1;0;1;-;0x32a000;-;0x32a000;-;1;0;0;1;1;1;0;1;-;;OK;
0;0;0;1;1;1;0;1;1;0;-;1;0;0;1;1;1;1;0;-;0x32c000;-;0x32c000;-;1;0;0;1;1;1;1;0;-;;OK;
0;0;0;1;1;1;0;1;1;1;-;1;0;0;1;1;1;1;1;-;0x32e000;-;0x32e000;-;1;0;0;1;1;1;1;1;-;;OK;
0;0;0;1;1;1;1;0;0;0;-;1;0;0;1;1;0;0;0;-;0x330000;-;0x330000;-;1;0;0;1;1;0;0;0;-;;OK;
0;0;0;1;1;1;1;0;0;1;-;1;0;0;1;1;0;0;1;-;0x332000;-;0x332000;-;1;0;0;1;1;0;0;1;-;;OK;
0;0;0;1;1;1;1;0;1;0;-;1;0;0;1;1;0;1;0;-;0x334000;-;0x334000;-;1;0;0;1;1;0;1;0;-;;OK;
0;0;0;1;1;1;1;0;1;1;-;1;0;1;1;1;0;1;1;-;0x336000;-;0x736000;-;1;0;1;1;1;0;1;1;-;DIFF;OK;
0;0;0;1;1;1;1;1;0;0;-;1;0;0;1;1;1;0;0;-;0x338000;-;0x338000;-;1;0;0;1;1;1;0;0;-;;OK;
0;0;0;1;1;1;1;1;0;1;-;1;0;0;1;1;1;0;1;-;0x33a000;-;0x33a000;-;1;0;0;1;1;1;0;1;-;;OK;
0;0;0;1;1;1;1;1;1;0;-;1;0;0;1;1;1;1;0;-;0x33c000;-;0x33c000;-;1;0;0;1;1;1;1;0;-;;OK;
0;0;0;1;1;1;1;1;1;1;-;1;0;0;1;1;1;1;1;-;0x33e000;-;0x33e000;-;1;0;0;1;1;1;1;1;-;;OK;
0;0;1;0;0;0;0;0;0;0;-;1;0;1;0;0;0;0;0;-;0x400000;-;0x400000;-;1;0;1;0;0;0;0;0;-;;OK;
0;0;1;0;0;0;0;0;0;1;-;1;0;1;0;0;0;0;1;-;0x402000;-;0x402000;-;1;0;1;0;0;0;0;1;-;;OK;
0;0;1;0;0;0;0;0;1;0;-;1;0;1;0;0;0;1;0;-;0x404000;-;0x404000;-;1;0;1;0;0;0;1;0;-;;OK;
0;0;1;0;0;0;0;0;1;1;-;1;0;1;0;0;0;1;1;-;0x406000;-;0x406000;-;1;0;1;0;0;0;1;1;-;;OK;
0;0;1;0;0;0;0;1;0;0;-;1;0;1;0;0;1;0;0;-;0x408000;-;0x408000;-;1;0;1;0;0;1;0;0;-;;OK;
0;0;1;0;0;0;0;1;0;1;-;1;0;1;0;0;1;0;1;-;0x40a000;-;0x40a000;-;1;0;1;0;0;1;0;1;-;;OK;
0;0;1;0;0;0;0;1;1;0;-;1;0;1;0;0;1;1;0;-;0x40c000;-;0x40c000;-;1;0;1;0;0;1;1;0;-;;OK;
0;0;1;0;0;0;0;1;1;1;-;1;0;1;0;0;1;1;1;-;0x40e000;-;0x40e000;-;1;0;1;0;0;1;1;1;-;;OK;
0;0;1;0;0;0;1;0;0;0;-;1;0;1;0;0;0;0;0;-;0x410000;-;0x410000;-;1;0;1;0;0;0;0;0;-;;OK;
0;0;1;0;0;0;1;0;0;1;-;1;0;1;0;0;0;0;1;-;0x412000;-;0x412000;-;1;0;1;0;0;0;0;1;-;;OK;
0;0;1;0;0;0;1;0;1;0;-;1;0;1;0;0;0;1;0;-;0x414000;-;0x414000;-;1;0;1;0;0;0;1;0;-;;OK;
0;0;1;0;0;0;1;0;1;1;-;1;0;1;0;0;0;1;1;-;0x416000;-;0x416000;-;1;0;1;0;0;0;1;1;-;;OK;
0;0;1;0;0;0;1;1;0;0;-;1;0;1;0;0;1;0;0;-;0x418000;-;0x418000;-;1;0;1;0;0;1;0;0;-;;OK;
0;0;1;0;0;0;1;1;0;1;-;1;0;1;0;0;1;0;1;-;0x41a000;-;0x41a000;-;1;0;1;0;0;1;0;1;-;;OK;
0;0;1;0;0;0;1;1;1;0;-;1;0;1;0;0;1;1;0;-;0x41c000;-;0x41c000;-;1;0;1;0;0;1;1;0;-;;OK;
0;0;1;0;0;0;1;1;1;1;-;1;0;1;0;0;1;1;1;-;0x41e000;-;0x41e000;-;1;0;1;0;0;1;1;1;-;;OK;
0;0;1;0;0;1;0;0;0;0;-;1;0;1;0;0;0;0;0;-;0x420000;-;0x420000;-;1;0;1;0;0;0;0;0;-;;OK;
0;0;1;0;0;1;0;0;0;1;-;1;0;1;0;0;0;0;1;-;0x422000;-;0x422000;-;1;0;1;0;0;0;0;1;-;;OK;
0;0;1;0;0;1;0;0;1;0;-;1;0;1;0;0;0;1;0;-;0x424000;-;0x424000;-;1;0;1;0;0;0;1;0;-;;OK;
0;0;1;0;0;1;0;0;1;1;-;1;0;1;0;0;0;1;1;-;0x426000;-;0x426000;-;1;0;1;0;0;0;1;1;-;;OK;
0;0;1;0;0;1;0;1;0;0;-;1;0;1;0;0;1;0;0;-;0x428000;-;0x428000;-;1;0;1;0;0;1;0;0;-;;OK;
0;0;1;0;0;1;0;1;0;1;-;1;0;1;0;0;1;0;1;-;0x42a000;-;0x42a000;-;1;0;1;0;0;1;0;1;-;;OK;
0;0;1;0;0;1;0;1;1;0;-;1;0;1;0;0;1;1;0;-;0x42c000;-;0x42c000;-;1;0;1;0;0;1;1;0;-;;OK;
0;0;1;0;0;1;0;1;1;1;-;1;0;1;0;0;1;1;1;-;0x42e000;-;0x42e000;-;1;0;1;0;0;1;1;1;-;;OK;
0;0;1;0;0;1;1;0;0;0;-;1;0;1;0;0;0;0;0;-;0x430000;-;0x430000;-;1;0;1;0;0;0;0;0;-;;OK;
0;0;1;0;0;1;1;0;0;1;-;1;0;1;0;0;0;0;1;-;0x432000;-;0x432000;-;1;0;1;0;0;0;0;1;-;;OK;
0;0;1;0;0;1;1;0;1;0;-;1;0;1;0;0;0;1;0;-;0x434000;-;0x434000;-;1;0;1;0;0;0;1;0;-;;OK;
0;0;1;0;0;1;1;0;1;1;-;1;0;1;0;0;0;1;1;-;0x436000;-;0x436000;-;1;0;1;0;0;0;1;1;-;;OK;
0;0;1;0;0;1;1;1;0;0;-;1;0;1;0;0;1;0;0;-;0x438000;-;0x438000;-;1;0;1;0;0;1;0;0;-;;OK;
0;0;1;0;0;1;1;1;0;1;-;1;0;1;0;0;1;0;1;-;0x43a000;-;0x43a000;-;1;0;1;0;0;1;0;1;-;;OK;
0;0;1;0;0;1;1;1;1;0;-;1;0;1;0;0;1;1;0;-;0x43c000;-;0x43c000;-;1;0;1;0;0;1;1;0;-;;OK;
0;0;1;0;0;1;1;1;1;1;-;1;0;1;0;0;1;1;1;-;0x43e000;-;0x43e000;-;1;0;1;0;0;1;1;1;-;;OK;
0;0;1;0;1;0;0;0;0;0;-;1;0;1;0;1;0;0;0;-;0x500000;-;0x500000;-;1;0;1;0;1;0;0;0;-;;OK;
0;0;1;0;1;0;0;0;0;1;-;1;0;1;0;1;0;0;1;-;0x502000;-;0x502000;-;1;0;1;0;1;0;0;1;-;;OK;
0;0;1;0;1;0;0;0;1;0;-;1;0;1;0;1;0;1;0;-;0x504000;-;0x504000;-;1;0;1;0;1;0;1;0;-;;OK;
0;0;1;0;1;0;0;0;1;1;-;1;0;1;0;1;0;1;1;-;0x506000;-;0x506000;-;1;0;1;0;1;0;1;1;-;;OK;
0;0;1;0;1;0;0;1;0;0;-;1;0;1;0;1;1;0;0;-;0x508000;-;0x508000;-;1;0;1;0;1;1;0;0;-;;OK;
0;0;1;0;1;0;0;1;0;1;-;1;0;1;0;1;1;0;1;-;0x50a000;-;0x50a000;-;1;0;1;0;1;1;0;1;-;;OK;
0;0;1;0;1;0;0;1;1;0;-;1;0;1;0;1;1;1;0;-;0x50c000;-;0x50c000;-;1;0;1;0;1;1;1;0;-;;OK;
0;0;1;0;1;0;0;1;1;1;-;1;0;1;0;1;1;1;1;-;0x50e000;-;0x50e000;-;1;0;1;0;1;1;1;1;-;;OK;
0;0;1;0;1;0;1;0;0;0;-;1;0;1;0;1;0;0;0;-;0x510000;-;0x510000;-;1;0;1;0;1;0;0;0;-;;OK;
0;0;1;0;1;0;1;0;0;1;-;1;0;1;0;1;0;0;1;-;0x512000;-;0x512000;-;1;0;1;0;1;0;0;1;-;;OK;
0;0;1;0;1;0;1;0;1;0;-;1;0;1;0;1;0;1;0;-;0x514000;-;0x514000;-;1;0;1;0;1;0;1;0;-;;OK;
0;0;1;0;1;0;1;0;1;1;-;1;0;1;0;1;0;1;1;-;0x516000;-;0x516000;-;1;0;1;0;1;0;1;1;-;;OK;
0;0;1;0;1;0;1;1;0;0;-;1;0;1;0;1;1;0;0;-;0x518000;-;0x518000;-;1;0;1;0;1;1;0;0;-;;OK;
0;0;1;0;1;0;1;1;0;1;-;1;0;1;0;1;1;0;1;-;0x51a000;-;0x51a000;-;1;0;1;0;1;1;0;1;-;;OK;
0;0;1;0;1;0;1;1;1;0;-;1;0;1;0;1;1;1;0;-;0x51c000;-;0x51c000;-;1;0;1;0;1;1;1;0;-;;OK;
0;0;1;0;1;0;1;1;1;1;-;1;0;1;0;1;1;1;1;-;0x51e000;-;0x51e000;-;1;0;1;0;1;1;1;1;-;;OK;
0;0;1;0;1;1;0;0;0;0;-;1;0;1;0;1;0;0;0;-;0x520000;-;0x520000;-;1;0;1;0;1;0;0;0;-;;OK;
0;0;1;0;1;1;0;0;0;1;-;1;0;1;0;1;0;0;1;-;0x522000;-;0x522000;-;1;0;1;0;1;0;0;1;-;;OK;
0;0;1;0;1;1;0;0;1;0;-;1;0;1;0;1;0;1;0;-;0x524000;-;0x524000;-;1;0;1;0;1;0;1;0;-;;OK;
0;0;1;0;1;1;0;0;1;1;-;1;0;1;0;1;0;1;1;-;0x526000;-;0x526000;-;1;0;1;0;1;0;1;1;-;;OK;
0;0;1;0;1;1;0;1;0;0;-;1;0;1;0;1;1;0;0;-;0x528000;-;0x528000;-;1;0;1;0;1;1;0;0;-;;OK;
0;0;1;0;1;1;0;1;0;1;-;1;0;1;0;1;1;0;1;-;0x52a000;-;0x52a000;-;1;0;1;0;1;1;0;1;-;;OK;
0;0;1;0;1;1;0;1;1;0;-;1;0;1;0;1;1;1;0;-;0x52c000;-;0x52c000;-;1;0;1;0;1;1;1;0;-;;OK;
0;0;1;0;1;1;0;1;1;1;-;1;0;1;0;1;1;1;1;-;0x52e000;-;0x52e000;-;1;0;1;0;1;1;1;1;-;;OK;
0;0;1;0;1;1;1;0;0;0;-;1;0;1;0;1;0;0;0;-;0x530000;-;0x530000;-;1;0;1;0;1;0;0;0;-;;OK;
0;0;1;0;1;1;1;0;0;1;-;1;0;1;0;1;0;0;1;-;0x532000;-;0x532000;-;1;0;1;0;1;0;0;1;-;;OK;
0;0;1;0;1;1;1;0;1;0;-;1;0;1;0;1;0;1;0;-;0x534000;-;0x534000;-;1;0;1;0;1;0;1;0;-;;OK;
0;0;1;0;1;1;1;0;1;1;-;1;0;1;0;1;0;1;1;-;0x536000;-;0x536000;-;1;0;1;0;1;0;1;1;-;;OK;
0;0;1;0;1;1;1;1;0;0;-;1;0;1;0;1;1;0;0;-;0x538000;-;0x538000;-;1;0;1;0;1;1;0;0;-;;OK;
0;0;1;0;1;1;1;1;0;1;-;1;0;1;0;1;1;0;1;-;0x53a000;-;0x53a000;-;1;0;1;0;1;1;0;1;-;;OK;
0;0;1;0;1;1;1;1;1;0;-;1;0;1;0;1;1;1;0;-;0x53c000;-;0x53c000;-;1;0;1;0;1;1;1;0;-;;OK;
0;0;1;0;1;1;1;1;1;1;-;1;0;1;0;1;1;1;1;-;0x53e000;-;0x53e000;-;1;0;1;0;1;1;1;1;-;;OK;
0;0;1;1;0;0;0;0;0;0;-;1;0;1;1;0;0;0;0;-;0x600000;-;0x600000;-;1;0;1;1;0;0;0;0;-;;OK;
0;0;1;1;0;0;0;0;0;1;-;1;0;1;1;0;0;0;1;-;0x602000;-;0x602000;-;1;0;1;1;0;0;0;1;-;;OK;
0;0;1;1;0;0;0;0;1;0;-;1;0;1;1;0;0;1;0;-;0x604000;-;0x604000;-;1;0;1;1;0;0;1;0;-;;OK;
0;0;1;1;0;0;0;0;1;1;-;1;0;1;1;0;0;1;1;-;0x606000;-;0x606000;-;1;0;1;1;0;0;1;1;-;;OK;
0;0;1;1;0;0;0;1;0;0;-;1;0;1;1;0;1;0;0;-;0x608000;-;0x608000;-;1;0;1;1;0;1;0;0;-;;OK;
0;0;1;1;0;0;0;1;0;1;-;1;0;1;1;0;1;0;1;-;0x60a000;-;0x60a000;-;1;0;1;1;0;1;0;1;-;;OK;
0;0;1;1;0;0;0;1;1;0;-;1;0;1;1;0;1;1;0;-;0x60c000;-;0x60c000;-;1;0;1;1;0;1;1;0;-;;OK;
0;0;1;1;0;0;0;1;1;1;-;1;0;1;1;0;1;1;1;-;0x60e000;-;0x60e000;-;1;0;1;1;0;1;1;1;-;;OK;
0;0;1;1;0;0;1;0;0;0;-;1;0;1;1;0;0;0;0;-;0x610000;-;0x610000;-;1;0;1;1;0;0;0;0;-;;OK;
0;0;1;1;0;0;1;0;0;1;-;1;0;1;1;0;0;0;1;-;0x612000;-;0x612000;-;1;0;1;1;0;0;0;1;-;;OK;
0;0;1;1;0;0;1;0;1;0;-;1;0;1;1;0;0;1;0;-;0x614000;-;0x614000;-;1;0;1;1;0;0;1;0;-;;OK;
0;0;1;1;0;0;1;0;1;1;-;1;0;1;1;0;0;1;1;-;0x616000;-;0x616000;-;1;0;1;1;0;0;1;1;-;;OK;
0;0;1;1;0;0;1;1;0;0;-;1;0;1;1;0;1;0;0;-;0x618000;-;0x618000;-;1;0;1;1;0;1;0;0;-;;OK;
0;0;1;1;0;0;1;1;0;1;-;1;0;1;1;0;1;0;1;-;0x61a000;-;0x61a000;-;1;0;1;1;0;1;0;1;-;;OK;
0;0;1;1;0;0;1;1;1;0;-;1;0;1;1;0;1;1;0;-;0x61c000;-;0x61c000;-;1;0;1;1;0;1;1;0;-;;OK;
0;0;1;1;0;0;1;1;1;1;-;1;0;1;1;0;1;1;1;-;0x61e000;-;0x61e000;-;1;0;1;1;0;1;1;1;-;;OK;
0;0;1;1;0;1;0;0;0;0;-;1;0;1;1;0;0;0;0;-;0x620000;-;0x620000;-;1;0;1;1;0;0;0;0;-;;OK;
0;0;1;1;0;1;0;0;0;1;-;1;0;1;1;0;0;0;1;-;0x622000;-;0x622000;-;1;0;1;1;0;0;0;1;-;;OK;
0;0;1;1;0;1;0;0;1;0;-;1;0;1;1;0;0;1;0;-;0x624000;-;0x624000;-;1;0;1;1;0;0;1;0;-;;OK;
0;0;1;1;0;1;0;0;1;1;-;1;0;1;1;0;0;1;1;-;0x626000;-;0x626000;-;1;0;1;1;0;0;1;1;-;;OK;
0;0;1;1;0;1;0;1;0;0;-;1;0;1;1;0;1;0;0;-;0x628000;-;0x628000;-;1;0;1;1;0;1;0;0;-;;OK;
0;0;1;1;0;1;0;1;0;1;-;1;0;1;1;0;1;0;1;-;0x62a000;-;0x62a000;-;1;0;1;1;0;1;0;1;-;;OK;
0;0;1;1;0;1;0;1;1;0;-;1;0;1;1;0;1;1;0;-;0x62c000;-;0x62c000;-;1;0;1;1;0;1;1;0;-;;OK;
0;0;1;1;0;1;0;1;1;1;-;1;0;1;1;0;1;1;1;-;0x62e000;-;0x62e000;-;1;0;1;1;0;1;1;1;-;;OK;
0;0;1;1;0;1;1;0;0;0;-;1;0;1;1;0;0;0;0;-;0x630000;-;0x630000;-;1;0;1;1;0;0;0;0;-;;OK;
0;0;1;1;0;1;1;0;0;1;-;1;0;1;1;0;0;0;1;-;0x632000;-;0x632000;-;1;0;1;1;0;0;0;1;-;;OK;
0;0;1;1;0;1;1;0;1;0;-;1;0;1;1;0;0;1;0;-;0x634000;-;0x634000;-;1;0;1;1;0;0;1;0;-;;OK;
0;0;1;1;0;1;1;0;1;1;-;1;0;1;1;0;0;1;1;-;0x636000;-;0x636000;-;1;0;1;1;0;0;1;1;-;;OK;
0;0;1;1;0;1;1;1;0;0;-;1;0;1;1;0;1;0;0;-;0x638000;-;0x638000;-;1;0;1;1;0;1;0;0;-;;OK;
0;0;1;1;0;1;1;1;0;1;-;1;0;1;1;0;1;0;1;-;0x63a000;-;0x63a000;-;1;0;1;1;0;1;0;1;-;;OK;
0;0;1;1;0;1;1;1;1;0;-;1;0;1;1;0;1;1;0;-;0x63c000;-;0x63c000;-;1;0;1;1;0;1;1;0;-;;OK;
0;0;1;1;0;1;1;1;1;1;-;1;0;1;1;0;1;1;1;-;0x63e000;-;0x63e000;-;1;0;1;1;0;1;1;1;-;;OK;
0;0;1;1;1;0;0;0;0;0;-;1;0;1;1;1;0;0;0;-;0x700000;-;0x700000;-;1;0;1;1;1;0;0;0;-;;OK;
0;0;1;1;1;0;0;0;0;1;-;1;0;1;1;1;0;0;1;-;0x702000;-;0x702000;-;1;0;1;1;1;0;0;1;-;;OK;
0;0;1;1;1;0;0;0;1;0;-;1;0;1;1;1;0;1;0;-;0x704000;-;0x704000;-;1;0;1;1;1;0;1;0;-;;OK;
0;0;1;1;1;0;0;0;1;1;-;1;0;1;1;1;0;1;1;-;0x706000;-;0x706000;-;1;0;1;1;1;0;1;1;-;;OK;
0;0;1;1;1;0;0;1;0;0;-;1;0;1;1;1;1;0;0;-;0x708000;-;0x708000;-;1;0;1;1;1;1;0;0;-;;OK;
0;0;1;1;1;0;0;1;0;1;-;1;0;1;1;1;1;0;1;-;0x70a000;-;0x70a000;-;1;0;1;1;1;1;0;1;-;;OK;
0;0;1;1;1;0;0;1;1;0;-;1;0;1;1;1;1;1;0;-;0x70c000;-;0x70c000;-;1;0;1;1;1;1;1;0;-;;OK;
0;0;1;1;1;0;0;1;1;1;-;1;0;1;1;1;1;1;1;-;0x70e000;-;0x70e000;-;1;0;1;1;1;1;1;1;-;;OK;
0;0;1;1;1;0;1;0;0;0;-;1;0;1;1;1;0;0;0;-;0x710000;-;0x710000;-;1;0;1;1;1;0;0;0;-;;OK;
0;0;1;1;1;0;1;0;0;1;-;1;0;1;1;1;0;0;1;-;0x712000;-;0x712000;-;1;0;1;1;1;0;0;1;-;;OK;
0;0;1;1;1;0;1;0;1;0;-;1;0;1;1;1;0;1;0;-;0x714000;-;0x714000;-;1;0;1;1;1;0;1;0;-;;OK;
0;0;1;1;1;0;1;0;1;1;-;1;0;1;1;1;0;1;1;-;0x716000;-;0x716000;-;1;0;1;1;1;0;1;1;-;;OK;
0;0;1;1;1;0;1;1;0;0;-;1;0;1;1;1;1;0;0;-;0x718000;-;0x718000;-;1;0;1;1;1;1;0;0;-;;OK;
0;0;1;1;1;0;1;1;0;1;-;1;0;1;1;1;1;0;1;-;0x71a000;-;0x71a000;-;1;0;1;1;1;1;0;1;-;;OK;
0;0;1;1;1;0;1;1;1;0;-;1;0;1;1;1;1;1;0;-;0x71c000;-;0x71c000;-;1;0;1;1;1;1;1;0;-;;OK;
0;0;1;1;1;0;1;1;1;1;-;1;0;1;1;1;1;1;1;-;0x71e000;-;0x71e000;-;1;0;1;1;1;1;1;1;-;;OK;
0;0;1;1;1;1;0;0;0;0;-;1;0;1;1;1;0;0;0;-;0x720000;-;0x720000;-;1;0;1;1;1;0;0;0;-;;OK;
0;0;1;1;1;1;0;0;0;1;-;1;0;1;1;1;0;0;1;-;0x722000;-;0x722000;-;1;0;1;1;1;0;0;1;-;;OK;
0;0;1;1;1;1;0;0;1;0;-;1;0;1;1;1;0;1;0;-;0x724000;-;0x724000;-;1;0;1;1;1;0;1;0;-;;OK;
0;0;1;1;1;1;0;0;1;1;-;1;0;1;1;1;0;1;1;-;0x726000;-;0x726000;-;1;0;1;1;1;0;1;1;-;;OK;
0;0;1;1;1;1;0;1;0;0;-;1;0;1;1;1;1;0;0;-;0x728000;-;0x728000;-;1;0;1;1;1;1;0;0;-;;OK;
0;0;1;1;1;1;0;1;0;1;-;1;0;1;1;1;1;0;1;-;0x72a000;-;0x72a000;-;1;0;1;1;1;1;0;1;-;;OK;
0;0;1;1;1;1;0;1;1;0;-;1;0;1;1;1;1;1;0;-;0x72c000;-;0x72c000;-;1;0;1;1;1;1;1;0;-;;OK;
0;0;1;1;1;1;0;1;1;1;-;1;0;1;1;1;1;1;1;-;0x72e000;-;0x72e000;-;1;0;1;1;1;1;1;1;-;;OK;
0;0;1;1;1;1;1;0;0;0;-;1;0;1;1;1;0;0;0;-;0x730000;-;0x730000;-;1;0;1;1;1;0;0;0;-;;OK;
0;0;1;1;1;1;1;0;0;1;-;1;0;1;1;1;0;0;1;-;0x732000;-;0x732000;-;1;0;1;1;1;0;0;1;-;;OK;
0;0;1;1;1;1;1;0;1;0;-;1;0;1;1;1;0;1;0;-;0x734000;-;0x734000;-;1;0;1;1;1;0;1;0;-;;OK;
0;0;1;1;1;1;1;0;1;1;-;1;0;1;1;1;0;1;1;-;0x736000;-;0x736000;-;1;0;1;1;1;0;1;1;-;;OK;
0;0;1;1;1;1;1;1;0;0;-;1;0;1;1;1;1;0;0;-;0x738000;-;0x738000;-;1;0;1;1;1;1;0;0;-;;OK;
0;0;1;1;1;1;1;1;0;1;-;1;0;1;1;1;1;0;1;-;0x73a000;-;0x73a000;-;1;0;1;1;1;1;0;1;-;;OK;
0;0;1;1;1;1;1;1;1;0;-;1;0;1;1;1;1;1;0;-;0x73c000;-;0x73c000;-;1;0;1;1;1;1;1;0;-;;OK;
0;0;1;1;1;1;1;1;1;1;-;1;0;1;1;1;1;1;1;-;0x73e000;-;0x73e000;-;1;0;1;1;1;1;1;1;-;;OK;
0;1;0;0;0;0;0;0;0;0;-;1;0;0;0;0;0;0;0;-;0x800000;-;0x800000;-;1;0;0;0;0;0;0;0;-;;OK;
0;1;0;0;0;0;0;0;0;1;-;1;0;0;0;0;0;0;1;-;0x802000;-;0x802000;-;1;0;0;0;0;0;0;1;-;;OK;
0;1;0;0;0;0;0;0;1;0;-;1;0;0;0;0;0;1;0;-;0x804000;-;0x804000;-;1;0;0;0;0;0;1;0;-;;OK;
0;1;0;0;0;0;0;0;1;1;-;1;0;0;0;0;0;1;1;-;0x806000;-;0x806000;-;1;0;0;0;0;0;1;1;-;;OK;
0;1;0;0;0;0;0;1;0;0;-;1;0;0;0;0;1;0;0;-;0x808000;-;0x808000;-;1;0;0;0;0;1;0;0;-;;OK;
0;1;0;0;0;0;0;1;0;1;-;1;0;0;0;0;1;0;1;-;0x80a000;-;0x80a000;-;1;0;0;0;0;1;0;1;-;;OK;
0;1;0;0;0;0;0;1;1;0;-;1;0;0;0;0;1;1;0;-;0x80c000;-;0x80c000;-;1;0;0;0;0;1;1;0;-;;OK;
0;1;0;0;0;0;0;1;1;1;-;1;0;0;0;0;1;1;1;-;0x80e000;-;0x80e000;-;1;0;0;0;0;1;1;1;-;;OK;
0;1;0;0;0;0;1;0;0;0;-;1;0;0;0;0;0;0;0;-;0x810000;-;0x810000;-;1;0;0;0;0;0;0;0;-;;OK;
0;1;0;0;0;0;1;0;0;1;-;1;0;0;0;0;0;0;1;-;0x812000;-;0x812000;-;1;0;0;0;0;0;0;1;-;;OK;
0;1;0;0;0;0;1;0;1;0;-;1;0;0;0;0;0;1;0;-;0x814000;-;0x814000;-;1;0;0;0;0;0;1;0;-;;OK;
0;1;0;0;0;0;1;0;1;1;-;1;0;0;0;0;0;1;1;-;0x816000;-;0x816000;-;1;0;0;0;0;0;1;1;-;;OK;
0;1;0;0;0;0;1;1;0;0;-;1;0;0;0;0;1;0;0;-;0x818000;-;0x818000;-;1;0;0;0;0;1;0;0;-;;OK;
0;1;0;0;0;0;1;1;0;1;-;1;0;0;0;0;1;0;1;-;0x81a000;-;0x81a000;-;1;0;0;0;0;1;0;1;-;;OK;
0;1;0;0;0;0;1;1;1;0;-;1;0;0;0;0;1;1;0;-;0x81c000;-;0x81c000;-;1;0;0;0;0;1;1;0;-;;OK;
0;1;0;0;0;0;1;1;1;1;-;1;0;0;0;0;1;1;1;-;0x81e000;-;0x81e000;-;1;0;0;0;0;1;1;1;-;;OK;
0;1;0;0;0;1;0;0;0;0;-;1;0;0;0;0;0;0;0;-;0x820000;-;0x820000;-;1;0;0;0;0;0;0;0;-;;OK;
0;1;0;0;0;1;0;0;0;1;-;1;0;0;0;0;0;0;1;-;0x822000;-;0x822000;-;1;0;0;0;0;0;0;1;-;;OK;
0;1;0;0;0;1;0;0;1;0;-;1;0;0;0;0;0;1;0;-;0x824000;-;0x824000;-;1;0;0;0;0;0;1;0;-;;OK;
0;1;0;0;0;1;0;0;1;1;-;1;0;0;0;0;0;1;1;-;0x826000;-;0x826000;-;1;0;0;0;0;0;1;1;-;;OK;
0;1;0;0;0;1;0;1;0;0;-;1;0;0;0;0;1;0;0;-;0x828000;-;0x828000;-;1;0;0;0;0;1;0;0;-;;OK;
0;1;0;0;0;1;0;1;0;1;-;1;0;0;0;0;1;0;1;-;0x82a000;-;0x82a000;-;1;0;0;0;0;1;0;1;-;;OK;
0;1;0;0;0;1;0;1;1;0;-;1;0;0;0;0;1;1;0;-;0x82c000;-;0x82c000;-;1;0;0;0;0;1;1;0;-;;OK;
0;1;0;0;0;1;0;1;1;1;-;1;0;0;0;0;1;1;1;-;0x82e000;-;0x82e000;-;1;0;0;0;0;1;1;1;-;;OK;
0;1;0;0;0;1;1;0;0;0;-;1;0;0;0;0;0;0;0;-;0x830000;-;0x830000;-;1;0;0;0;0;0;0;0;-;;OK;
0;1;0;0;0;1;1;0;0;1;-;1;0;0;0;0;0;0;1;-;0x832000;-;0x832000;-;1;0;0;0;0;0;0;1;-;;OK;
0;1;0;0;0;1;1;0;1;0;-;1;0;0;0;0;0;1;0;-;0x834000;-;0x834000;-;1;0;0;0;0;0;1;0;-;;OK;
0;1;0;0;0;1;1;0;1;1;-;1;0;0;0;0;0;1;1;-;0x836000;-;0x836000;-;1;0;0;0;0;0;1;1;-;;OK;
0;1;0;0;0;1;1;1;0;0;-;1;0;0;0;0;1;0;0;-;0x838000;-;0x838000;-;1;0;0;0;0;1;0;0;-;;OK;
0;1;0;0;0;1;1;1;0;1;-;1;0;0;0;0;1;0;1;-;0x83a000;-;0x83a000;-;1;0;0;0;0;1;0;1;-;;OK;
0;1;0;0;0;1;1;1;1;0;-;1;0;0;0;0;1;1;0;-;0x83c000;-;0x83c000;-;1;0;0;0;0;1;1;0;-;;OK;
0;1;0;0;0;1;1;1;1;1;-;1;0;0;0;0;1;1;1;-;0x83e000;-;0x83e000;-;1;0;0;0;0;1;1;1;-;;OK;
0;1;0;0;1;0;0;0;0;0;-;1;0;0;0;1;0;0;0;-;0x900000;-;0x900000;-;1;0;0;0;1;0;0;0;-;;OK;
0;1;0;0;1;0;0;0;0;1;-;1;0;0;0;1;0;0;1;-;0x902000;-;0x902000;-;1;0;0;0;1;0;0;1;-;;OK;
0;1;0;0;1;0;0;0;1;0;-;1;0;0;0;1;0;1;0;-;0x904000;-;0x904000;-;1;0;0;0;1;0;1;0;-;;OK;
0;1;0;0;1;0;0;0;1;1;-;1;0;0;0;1;0;1;1;-;0x906000;-;0x906000;-;1;0;0;0;1;0;1;1;-;;OK;
0;1;0;0;1;0;0;1;0;0;-;1;0;0;0;1;1;0;0;-;0x908000;-;0x908000;-;1;0;0;0;1;1;0;0;-;;OK;
0;1;0;0;1;0;0;1;0;1;-;1;0;0;0;1;1;0;1;-;0x90a000;-;0x90a000;-;1;0;0;0;1;1;0;1;-;;OK;
0;1;0;0;1;0;0;1;1;0;-;1;0;0;0;1;1;1;0;-;0x90c000;-;0x90c000;-;1;0;0;0;1;1;1;0;-;;OK;
0;1;0;0;1;0;0;1;1;1;-;1;0;0;0;1;1;1;1;-;0x90e000;-;0x90e000;-;1;0;0;0;1;1;1;1;-;;OK;
0;1;0;0;1;0;1;0;0;0;-;1;0;0;0;1;0;0;0;-;0x910000;-;0x910000;-;1;0;0;0;1;0;0;0;-;;OK;
0;1;0;0;1;0;1;0;0;1;-;1;0;0;0;1;0;0;1;-;0x912000;-;0x912000;-;1;0;0;0;1;0;0;1;-;;OK;
0;1;0;0;1;0;1;0;1;0;-;1;0;0;0;1;0;1;0;-;0x914000;-;0x914000;-;1;0;0;0;1;0;1;0;-;;OK;
0;1;0;0;1;0;1;0;1;1;-;1;0;0;0;1;0;1;1;-;0x916000;-;0x916000;-;1;0;0;0;1;0;1;1;-;;OK;
0;1;0;0;1;0;1;1;0;0;-;1;0;0;0;1;1;0;0;-;0x918000;-;0x918000;-;1;0;0;0;1;1;0;0;-;;OK;
0;1;0;0;1;0;1;1;0;1;-;1;0;0;0;1;1;0;1;-;0x91a000;-;0x91a000;-;1;0;0;0;1;1;0;1;-;;OK;
0;1;0;0;1;0;1;1;1;0;-;1;0;0;0;1;1;1;0;-;0x91c000;-;0x91c000;-;1;0;0;0;1;1;1;0;-;;OK;
0;1;0;0;1;0;1;1;1;1;-;1;0;0;0;1;1;1;1;-;0x91e000;-;0x91e000;-;1;0;0;0;1;1;1;1;-;;OK;
0;1;0;0;1;1;0;0;0;0;-;1;0;0;0;1;0;0;0;-;0x920000;-;0x920000;-;1;0;0;0;1;0;0;0;-;;OK;
0;1;0;0;1;1;0;0;0;1;-;1;0;0;0;1;0;0;1;-;0x922000;-;0x922000;-;1;0;0;0;1;0;0;1;-;;OK;
0;1;0;0;1;1;0;0;1;0;-;1;0;0;0;1;0;1;0;-;0x924000;-;0x924000;-;1;0;0;0;1;0;1;0;-;;OK;
0;1;0;0;1;1;0;0;1;1;-;1;0;0;0;1;0;1;1;-;0x926000;-;0x926000;-;1;0;0;0;1;0;1;1;-;;OK;
0;1;0;0;1;1;0;1;0;0;-;1;0;0;0;1;1;0;0;-;0x928000;-;0x928000;-;1;0;0;0;1;1;0;0;-;;OK;
0;1;0;0;1;1;0;1;0;1;-;1;0;0;0;1;1;0;1;-;0x92a000;-;0x92a000;-;1;0;0;0;1;1;0;1;-;;OK;
0;1;0;0;1;1;0;1;1;0;-;1;0;0;0;1;1;1;0;-;0x92c000;-;0x92c000;-;1;0;0;0;1;1;1;0;-;;OK;
0;1;0;0;1;1;0;1;1;1;-;1;0;0;0;1;1;1;1;-;0x92e000;-;0x92e000;-;1;0;0;0;1;1;1;1;-;;OK;
0;1;0;0;1;1;1;0;0;0;-;1;0;0;0;1;0;0;0;-;0x930000;-;0x930000;-;1;0;0;0;1;0;0;0;-;;OK;
0;1;0;0;1;1;1;0;0;1;-;1;0;0;0;1;0;0;1;-;0x932000;-;0x932000;-;1;0;0;0;1;0;0;1;-;;OK;
0;1;0;0;1;1;1;0;1;0;-;1;0;0;0;1;0;1;0;-;0x934000;-;0x934000;-;1;0;0;0;1;0;1;0;-;;OK;
0;1;0;0;1;1;1;0;1;1;-;1;0;0;0;1;0;1;1;-;0x936000;-;0x936000;-;1;0;0;0;1;0;1;1;-;;OK;
0;1;0;0;1;1;1;1;0;0;-;1;0;0;0;1;1;0;0;-;0x938000;-;0x938000;-;1;0;0;0;1;1;0;0;-;;OK;
0;1;0;0;1;1;1;1;0;1;-;1;0;0;0;1;1;0;1;-;0x93a000;-;0x93a000;-;1;0;0;0;1;1;0;1;-;;OK;
0;1;0;0;1;1;1;1;1;0;-;1;0;0;0;1;1;1;0;-;0x93c000;-;0x93c000;-;1;0;0;0;1;1;1;0;-;;OK;
0;1;0;0;1;1;1;1;1;1;-;1;0;0;0;1;1;1;1;-;0x93e000;-;0x93e000;-;1;0;0;0;1;1;1;1;-;;OK;
0;1;0;1;0;0;0;0;0;0;-;1;0;0;1;0;0;0;0;-;0xa00000;-;0xa00000;-;1;0;0;1;0;0;0;0;-;;OK;
0;1;0;1;0;0;0;0;0;1;-;1;0;0;1;0;0;0;1;-;0xa02000;-;0xa02000;-;1;0;0;1;0;0;0;1;-;;OK;
0;1;0;1;0;0;0;0;1;0;-;1;0;0;1;0;0;1;0;-;0xa04000;-;0xa04000;-;1;0;0;1;0;0;1;0;-;;OK;
0;1;0;1;0;0;0;0;1;1;-;1;0;1;1;1;0;0;0;-;0xa06000;-;0xf00000;-;1;0;1;1;1;0;0;0;-;DIFF;OK;
0;1;0;1;0;0;0;1;0;0;-;1;0;0;1;0;1;0;0;-;0xa08000;-;0xa08000;-;1;0;0;1;0;1;0;0;-;;OK;
0;1;0;1;0;0;0;1;0;1;-;1;0;0;1;0;1;0;1;-;0xa0a000;-;0xa0a000;-;1;0;0;1;0;1;0;1;-;;OK;
0;1;0;1;0;0;0;1;1;0;-;1;0;0;1;0;1;1;0;-;0xa0c000;-;0xa0c000;-;1;0;0;1;0;1;1;0;-;;OK;
0;1;0;1;0;0;0;1;1;1;-;1;0;0;1;0;1;1;1;-;0xa0e000;-;0xa0e000;-;1;0;0;1;0;1;1;1;-;;OK;
0;1;0;1;0;0;1;0;0;0;-;1;0;0;1;0;0;0;0;-;0xa10000;-;0xa10000;-;1;0;0;1;0;0;0;0;-;;OK;
0;1;0;1;0;0;1;0;0;1;-;1;0;0;1;0;0;0;1;-;0xa12000;-;0xa12000;-;1;0;0;1;0;0;0;1;-;;OK;
0;1;0;1;0;0;1;0;1;0;-;1;0;0;1;0;0;1;0;-;0xa14000;-;0xa14000;-;1;0;0;1;0;0;1;0;-;;OK;
0;1;0;1;0;0;1;0;1;1;-;1;0;1;1;1;0;0;1;-;0xa16000;-;0xf12000;-;1;0;1;1;1;0;0;1;-;DIFF;OK;
0;1;0;1;0;0;1;1;0;0;-;1;0;0;1;0;1;0;0;-;0xa18000;-;0xa18000;-;1;0;0;1;0;1;0;0;-;;OK;
0;1;0;1;0;0;1;1;0;1;-;1;0;0;1;0;1;0;1;-;0xa1a000;-;0xa1a000;-;1;0;0;1;0;1;0;1;-;;OK;
0;1;0;1;0;0;1;1;1;0;-;1;0;0;1;0;1;1;0;-;0xa1c000;-;0xa1c000;-;1;0;0;1;0;1;1;0;-;;OK;
0;1;0;1;0;0;1;1;1;1;-;1;0;0;1;0;1;1;1;-;0xa1e000;-;0xa1e000;-;1;0;0;1;0;1;1;1;-;;OK;
0;1;0;1;0;1;0;0;0;0;-;1;0;0;1;0;0;0;0;-;0xa20000;-;0xa20000;-;1;0;0;1;0;0;0;0;-;;OK;
0;1;0;1;0;1;0;0;0;1;-;1;0;0;1;0;0;0;1;-;0xa22000;-;0xa22000;-;1;0;0;1;0;0;0;1;-;;OK;
0;1;0;1;0;1;0;0;1;0;-;1;0;0;1;0;0;1;0;-;0xa24000;-;0xa24000;-;1;0;0;1;0;0;1;0;-;;OK;
0;1;0;1;0;1;0;0;1;1;-;1;0;1;1;1;0;1;0;-;0xa26000;-;0xf24000;-;1;0;1;1;1;0;1;0;-;DIFF;OK;
0;1;0;1;0;1;0;1;0;0;-;1;0;0;1;0;1;0;0;-;0xa28000;-;0xa28000;-;1;0;0;1;0;1;0;0;-;;OK;
0;1;0;1;0;1;0;1;0;1;-;1;0;0;1;0;1;0;1;-;0xa2a000;-;0xa2a000;-;1;0;0;1;0;1;0;1;-;;OK;
0;1;0;1;0;1;0;1;1;0;-;1;0;0;1;0;1;1;0;-;0xa2c000;-;0xa2c000;-;1;0;0;1;0;1;1;0;-;;OK;
0;1;0;1;0;1;0;1;1;1;-;1;0;0;1;0;1;1;1;-;0xa2e000;-;0xa2e000;-;1;0;0;1;0;1;1;1;-;;OK;
0;1;0;1;0;1;1;0;0;0;-;1;0;0;1;0;0;0;0;-;0xa30000;-;0xa30000;-;1;0;0;1;0;0;0;0;-;;OK;
0;1;0;1;0;1;1;0;0;1;-;1;0;0;1;0;0;0;1;-;0xa32000;-;0xa32000;-;1;0;0;1;0;0;0;1;-;;OK;
0;1;0;1;0;1;1;0;1;0;-;1;0;0;1;0;0;1;0;-;0xa34000;-;0xa34000;-;1;0;0;1;0;0;1;0;-;;OK;
0;1;0;1;0;1;1;0;1;1;-;1;0;1;1;1;0;1;1;-;0xa36000;-;0xf36000;-;1;0;1;1;1;0;1;1;-;DIFF;OK;
0;1;0;1;0;1;1;1;0;0;-;1;0;0;1;0;1;0;0;-;0xa38000;-;0xa38000;-;1;0;0;1;0;1;0;0;-;;OK;
0;1;0;1;0;1;1;1;0;1;-;1;0;0;1;0;1;0;1;-;0xa3a000;-;0xa3a000;-;1;0;0;1;0;1;0;1;-;;OK;
0;1;0;1;0;1;1;1;1;0;-;1;0;0;1;0;1;1;0;-;0xa3c000;-;0xa3c000;-;1;0;0;1;0;1;1;0;-;;OK;
0;1;0;1;0;1;1;1;1;1;-;1;0;0;1;0;1;1;1;-;0xa3e000;-;0xa3e000;-;1;0;0;1;0;1;1;1;-;;OK;
0;1;0;1;1;0;0;0;0;0;-;1;0;0;1;1;0;0;0;-;0xb00000;-;0xb00000;-;1;0;0;1;1;0;0;0;-;;OK;
0;1;0;1;1;0;0;0;0;1;-;1;0;0;1;1;0;0;1;-;0xb02000;-;0xb02000;-;1;0;0;1;1;0;0;1;-;;OK;
0;1;0;1;1;0;0;0;1;0;-;1;0;0;1;1;0;1;0;-;0xb04000;-;0xb04000;-;1;0;0;1;1;0;1;0;-;;OK;
0;1;0;1;1;0;0;0;1;1;-;1;0;1;1;1;0;0;0;-;0xb06000;-;0xf00000;-;1;0;1;1;1;0;0;0;-;DIFF;OK;
0;1;0;1;1;0;0;1;0;0;-;1;0;0;1;1;1;0;0;-;0xb08000;-;0xb08000;-;1;0;0;1;1;1;0;0;-;;OK;
0;1;0;1;1;0;0;1;0;1;-;1;0;0;1;1;1;0;1;-;0xb0a000;-;0xb0a000;-;1;0;0;1;1;1;0;1;-;;OK;
0;1;0;1;1;0;0;1;1;0;-;1;0;0;1;1;1;1;0;-;0xb0c000;-;0xb0c000;-;1;0;0;1;1;1;1;0;-;;OK;
0;1;0;1;1;0;0;1;1;1;-;1;0;0;1;1;1;1;1;-;0xb0e000;-;0xb0e000;-;1;0;0;1;1;1;1;1;-;;OK;
0;1;0;1;1;0;1;0;0;0;-;1;0;0;1;1;0;0;0;-;0xb10000;-;0xb10000;-;1;0;0;1;1;0;0;0;-;;OK;
0;1;0;1;1;0;1;0;0;1;-;1;0;0;1;1;0;0;1;-;0xb12000;-;0xb12000;-;1;0;0;1;1;0;0;1;-;;OK;
0;1;0;1;1;0;1;0;1;0;-;1;0;0;1;1;0;1;0;-;0xb14000;-;0xb14000;-;1;0;0;1;1;0;1;0;-;;OK;
0;1;0;1;1;0;1;0;1;1;-;1;0;1;1;1;0;0;1;-;0xb16000;-;0xf12000;-;1;0;1;1;1;0;0;1;-;DIFF;OK;
0;1;0;1;1;0;1;1;0;0;-;1;0;0;1;1;1;0;0;-;0xb18000;-;0xb18000;-;1;0;0;1;1;1;0;0;-;;OK;
0;1;0;1;1;0;1;1;0;1;-;1;0;0;1;1;1;0;1;-;0xb1a000;-;0xb1a000;-;1;0;0;1;1;1;0;1;-;;OK;
0;1;0;1;1;0;1;1;1;0;-;1;0;0;1;1;1;1;0;-;0xb1c000;-;0xb1c000;-;1;0;0;1;1;1;1;0;-;;OK;
0;1;0;1;1;0;1;1;1;1;-;1;0;0;1;1;1;1;1;-;0xb1e000;-;0xb1e000;-;1;0;0;1;1;1;1;1;-;;OK;
0;1;0;1;1;1;0;0;0;0;-;1;0;0;1;1;0;0;0;-;0xb20000;-;0xb20000;-;1;0;0;1;1;0;0;0;-;;OK;
0;1;0;1;1;1;0;0;0;1;-;1;0;0;1;1;0;0;1;-;0xb22000;-;0xb22000;-;1;0;0;1;1;0;0;1;-;;OK;
0;1;0;1;1;1;0;0;1;0;-;1;0;0;1;1;0;1;0;-;0xb24000;-;0xb24000;-;1;0;0;1;1;0;1;0;-;;OK;
0;1;0;1;1;1;0;0;1;1;-;1;0;1;1;1;0;1;0;-;0xb26000;-;0xf24000;-;1;0;1;1;1;0;1;0;-;DIFF;OK;
0;1;0;1;1;1;0;1;0;0;-;1;0;0;1;1;1;0;0;-;0xb28000;-;0xb28000;-;1;0;0;1;1;1;0;0;-;;OK;
0;1;0;1;1;1;0;1;0;1;-;1;0;0;1;1;1;0;1;-;0xb2a000;-;0xb2a000;-;1;0;0;1;1;1;0;1;-;;OK;
0;1;0;1;1;1;0;1;1;0;-;1;0;0;1;1;1;1;0;-;0xb2c000;-;0xb2c000;-;1;0;0;1;1;1;1;0;-;;OK;
0;1;0;1;1;1;0;1;1;1;-;1;0;0;1;1;1;1;1;-;0xb2e000;-;0xb2e000;-;1;0;0;1;1;1;1;1;-;;OK;
0;1;0;1;1;1;1;0;0;0;-;1;0;0;1;1;0;0;0;-;0xb30000;-;0xb30000;-;1;0;0;1;1;0;0;0;-;;OK;
0;1;0;1;1;1;1;0;0;1;-;1;0;0;1;1;0;0;1;-;0xb32000;-;0xb32000;-;1;0;0;1;1;0;0;1;-;;OK;
0;1;0;1;1;1;1;0;1;0;-;1;0;0;1;1;0;1;0;-;0xb34000;-;0xb34000;-;1;0;0;1;1;0;1;0;-;;OK;
0;1;0;1;1;1;1;0;1;1;-;1;0;1;1;1;0;1;1;-;0xb36000;-;0xf36000;-;1;0;1;1;1;0;1;1;-;DIFF;OK;
0;1;0;1;1;1;1;1;0;0;-;1;0;0;1;1;1;0;0;-;0xb38000;-;0xb38000;-;1;0;0;1;1;1;0;0;-;;OK;
0;1;0;1;1;1;1;1;0;1;-;1;0;0;1;1;1;0;1;-;0xb3a000;-;0xb3a000;-;1;0;0;1;1;1;0;1;-;;OK;
0;1;0;1;1;1;1;1;1;0;-;1;0;0;1;1;1;1;0;-;0xb3c000;-;0xb3c000;-;1;0;0;1;1;1;1;0;-;;OK;
0;1;0;1;1;1;1;1;1;1;-;1;0;0;1;1;1;1;1;-;0xb3e000;-;0xb3e000;-;1;0;0;1;1;1;1;1;-;;OK;
0;1;1;0;0;0;0;0;0;0;-;1;0;0;1;0;1;0;0;-;0xc00000;-;0xa08000;-;1;0;0;1;0;1;0;0;-;DIFF;OK;
0;1;1;0;0;0;0;0;0;1;-;1;0;0;1;0;1;0;1;-;0xc02000;-;0xa0a000;-;1;0;0;1;0;1;0;1;-;DIFF;OK;
0;1;1;0;0;0;0;0;1;0;-;1;0;0;1;0;1;1;0;-;0xc04000;-;0xa0c000;-;1;0;0;1;0;1;1;0;-;DIFF;OK;
0;1;1;0;0;0;0;0;1;1;-;1;0;0;1;0;1;1;1;-;0xc06000;-;0xa0e000;-;1;0;0;1;0;1;1;1;-;DIFF;OK;
0;1;1;0;0;0;0;1;0;0;-;1;0;0;0;0;1;0;0;-;0xc08000;-;0x808000;-;1;0;0;0;0;1;0;0;-;DIFF;OK;
0;1;1;0;0;0;0;1;0;1;-;1;0;0;0;0;1;0;1;-;0xc0a000;-;0x80a000;-;1;0;0;0;0;1;0;1;-;DIFF;OK;
0;1;1;0;0;0;0;1;1;0;-;1;0;0;0;0;1;1;0;-;0xc0c000;-;0x80c000;-;1;0;0;0;0;1;1;0;-;DIFF;OK;
0;1;1;0;0;0;0;1;1;1;-;1;0;0;0;0;1;1;1;-;0xc0e000;-;0x80e000;-;1;0;0;0;0;1;1;1;-;DIFF;OK;
0;1;1;0;0;0;1;0;0;0;-;1;0;0;1;0;1;0;0;-;0xc10000;-;0xa18000;-;1;0;0;1;0;1;0;0;-;DIFF;OK;
0;1;1;0;0;0;1;0;0;1;-;1;0;0;1;0;1;0;1;-;0xc12000;-;0xa1a000;-;1;0;0;1;0;1;0;1;-;DIFF;OK;
0;1;1;0;0;0;1;0;1;0;-;1;0;0;1;0;1;1;0;-;0xc14000;-;0xa1c000;-;1;0;0;1;0;1;1;0;-;DIFF;OK;
0;1;1;0;0;0;1;0;1;1;-;1;0;0;1;0;1;1;1;-;0xc16000;-;0xa1e000;-;1;0;0;1;0;1;1;1;-;DIFF;OK;
0;1;1;0;0;0;1;1;0;0;-;1;0;0;0;0;1;0;0;-;0xc18000;-;0x818000;-;1;0;0;0;0;1;0;0;-;DIFF;OK;
0;1;1;0;0;0;1;1;0;1;-;1;0;0;0;0;1;0;1;-;0xc1a000;-;0x81a000;-;1;0;0;0;0;1;0;1;-;DIFF;OK;
0;1;1;0;0;0;1;1;1;0;-;1;0;0;0;0;1;1;0;-;0xc1c000;-;0x81c000;-;1;0;0;0;0;1;1;0;-;DIFF;OK;
0;1;1;0;0;0;1;1;1;1;-;1;0;0;0;0;1;1;1;-;0xc1e000;-;0x81e000;-;1;0;0;0;0;1;1;1;-;DIFF;OK;
0;1;1;0;0;1;0;0;0;0;-;1;0;0;1;0;1;0;0;-;0xc20000;-;0xa28000;-;1;0;0;1;0;1;0;0;-;DIFF;OK;
0;1;1;0;0;1;0;0;0;1;-;1;0;0;1;0;1;0;1;-;0xc22000;-;0xa2a000;-;1;0;0;1;0;1;0;1;-;DIFF;OK;
0;1;1;0;0;1;0;0;1;0;-;1;0;0;1;0;1;1;0;-;0xc24000;-;0xa2c000;-;1;0;0;1;0;1;1;0;-;DIFF;OK;
0;1;1;0;0;1;0;0;1;1;-;1;0;0;1;0;1;1;1;-;0xc26000;-;0xa2e000;-;1;0;0;1;0;1;1;1;-;DIFF;OK;
0;1;1;0;0;1;0;1;0;0;-;1;0;0;0;0;1;0;0;-;0xc28000;-;0x828000;-;1;0;0;0;0;1;0;0;-;DIFF;OK;
0;1;1;0;0;1;0;1;0;1;-;1;0;0;0;0;1;0;1;-;0xc2a000;-;0x82a000;-;1;0;0;0;0;1;0;1;-;DIFF;OK;
0;1;1;0;0;1;0;1;1;0;-;1;0;0;0;0;1;1;0;-;0xc2c000;-;0x82c000;-;1;0;0;0;0;1;1;0;-;DIFF;OK;
0;1;1;0;0;1;0;1;1;1;-;1;0;0;0;0;1;1;1;-;0xc2e000;-;0x82e000;-;1;0;0;0;0;1;1;1;-;DIFF;OK;
0;1;1;0;0;1;1;0;0;0;-;1;0;0;1;0;1;0;0;-;0xc30000;-;0xa38000;-;1;0;0;1;0;1;0;0;-;DIFF;OK;
0;1;1;0;0;1;1;0;0;1;-;1;0;0;1;0;1;0;1;-;0xc32000;-;0xa3a000;-;1;0;0;1;0;1;0;1;-;DIFF;OK;
0;1;1;0;0;1;1;0;1;0;-;1;0;0;1;0;1;1;0;-;0xc34000;-;0xa3c000;-;1;0;0;1;0;1;1;0;-;DIFF;OK;
0;1;1;0;0;1;1;0;1;1;-;1;0;0;1;0;1;1;1;-;0xc36000;-;0xa3e000;-;1;0;0;1;0;1;1;1;-;DIFF;OK;
0;1;1;0;0;1;1;1;0;0;-;1;0;0;0;0;1;0;0;-;0xc38000;-;0x838000;-;1;0;0;0;0;1;0;0;-;DIFF;OK;
0;1;1;0;0;1;1;1;0;1;-;1;0;0;0;0;1;0;1;-;0xc3a000;-;0x83a000;-;1;0;0;0;0;1;0;1;-;DIFF;OK;
0;1;1;0;0;1;1;1;1;0;-;1;0;0;0;0;1;1;0;-;0xc3c000;-;0x83c000;-;1;0;0;0;0;1;1;0;-;DIFF;OK;
0;1;1;0;0;1;1;1;1;1;-;1;0;0;0;0;1;1;1;-;0xc3e000;-;0x83e000;-;1;0;0;0;0;1;1;1;-;DIFF;OK;
0;1;1;0;1;0;0;0;0;0;-;1;0;0;1;1;1;0;0;-;0xd00000;-;0xb08000;-;1;0;0;1;1;1;0;0;-;DIFF;OK;
0;1;1;0;1;0;0;0;0;1;-;1;0;0;1;1;1;0;1;-;0xd02000;-;0xb0a000;-;1;0;0;1;1;1;0;1;-;DIFF;OK;
0;1;1;0;1;0;0;0;1;0;-;1;0;0;1;1;1;1;0;-;0xd04000;-;0xb0c000;-;1;0;0;1;1;1;1;0;-;DIFF;OK;
0;1;1;0;1;0;0;0;1;1;-;1;0;0;1;1;1;1;1;-;0xd06000;-;0xb0e000;-;1;0;0;1;1;1;1;1;-;DIFF;OK;
0;1;1;0;1;0;0;1;0;0;-;1;0;0;0;1;1;0;0;-;0xd08000;-;0x908000;-;1;0;0;0;1;1;0;0;-;DIFF;OK;
0;1;1;0;1;0;0;1;0;1;-;1;0;0;0;1;1;0;1;-;0xd0a000;-;0x90a000;-;1;0;0;0;1;1;0;1;-;DIFF;OK;
0;1;1;0;1;0;0;1;1;0;-;1;0;0;0;1;1;1;0;-;0xd0c000;-;0x90c000;-;1;0;0;0;1;1;1;0;-;DIFF;OK;
0;1;1;0;1;0;0;1;1;1;-;1;0;0;0;1;1;1;1;-;0xd0e000;-;0x90e000;-;1;0;0;0;1;1;1;1;-;DIFF;OK;
0;1;1;0;1;0;1;0;0;0;-;1;0;0;1;1;1;0;0;-;0xd10000;-;0xb18000;-;1;0;0;1;1;1;0;0;-;DIFF;OK;
0;1;1;0;1;0;1;0;0;1;-;1;0;0;1;1;1;0;1;-;0xd12000;-;0xb1a000;-;1;0;0;1;1;1;0;1;-;DIFF;OK;
0;1;1;0;1;0;1;0;1;0;-;1;0;0;1;1;1;1;0;-;0xd14000;-;0xb1c000;-;1;0;0;1;1;1;1;0;-;DIFF;OK;
0;1;1;0;1;0;1;0;1;1;-;1;0;0;1;1;1;1;1;-;0xd16000;-;0xb1e000;-;1;0;0;1;1;1;1;1;-;DIFF;OK;
0;1;1;0;1;0;1;1;0;0;-;1;0;0;0;1;1;0;0;-;0xd18000;-;0x918000;-;1;0;0;0;1;1;0;0;-;DIFF;OK;
0;1;1;0;1;0;1;1;0;1;-;1;0;0;0;1;1;0;1;-;0xd1a000;-;0x91a000;-;1;0;0;0;1;1;0;1;-;DIFF;OK;
0;1;1;0;1;0;1;1;1;0;-;1;0;0;0;1;1;1;0;-;0xd1c000;-;0x91c000;-;1;0;0;0;1;1;1;0;-;DIFF;OK;
0;1;1;0;1;0;1;1;1;1;-;1;0;0;0;1;1;1;1;-;0xd1e000;-;0x91e000;-;1;0;0;0;1;1;1;1;-;DIFF;OK;
0;1;1;0;1;1;0;0;0;0;-;1;0;0;1;1;1;0;0;-;0xd20000;-;0xb28000;-;1;0;0;1;1;1;0;0;-;DIFF;OK;
0;1;1;0;1;1;0;0;0;1;-;1;0;0;1;1;1;0;1;-;0xd22000;-;0xb2a000;-;1;0;0;1;1;1;0;1;-;DIFF;OK;
0;1;1;0;1;1;0;0;1;0;-;1;0;0;1;1;1;1;0;-;0xd24000;-;0xb2c000;-;1;0;0;1;1;1;1;0;-;DIFF;OK;
0;1;1;0;1;1;0;0;1;1;-;1;0;0;1;1;1;1;1;-;0xd26000;-;0xb2e000;-;1;0;0;1;1;1;1;1;-;DIFF;OK;
0;1;1;0;1;1;0;1;0;0;-;1;0;0;0;1;1;0;0;-;0xd28000;-;0x928000;-;1;0;0;0;1;1;0;0;-;DIFF;OK;
0;1;1;0;1;1;0;1;0;1;-;1;0;0;0;1;1;0;1;-;0xd2a000;-;0x92a000;-;1;0;0;0;1;1;0;1;-;DIFF;OK;
0;1;1;0;1;1;0;1;1;0;-;1;0;0;0;1;1;1;0;-;0xd2c000;-;0x92c000;-;1;0;0;0;1;1;1;0;-;DIFF;OK;
0;1;1;0;1;1;0;1;1;1;-;1;0;0;0;1;1;1;1;-;0xd2e000;-;0x92e000;-;1;0;0;0;1;1;1;1;-;DIFF;OK;
0;1;1;0;1;1;1;0;0;0;-;1;0;0;1;1;1;0;0;-;0xd30000;-;0xb38000;-;1;0;0;1;1;1;0;0;-;DIFF;OK;
0;1;1;0;1;1;1;0;0;1;-;1;0;0;1;1;1;0;1;-;0xd32000;-;0xb3a000;-;1;0;0;1;1;1;0;1;-;DIFF;OK;
0;1;1;0;1;1;1;0;1;0;-;1;0;0;1;1;1;1;0;-;0xd34000;-;0xb3c000;-;1;0;0;1;1;1;1;0;-;DIFF;OK;
0;1;1;0;1;1;1;0;1;1;-;1;0;0;1;1;1;1;1;-;0xd36000;-;0xb3e000;-;1;0;0;1;1;1;1;1;-;DIFF;OK;
0;1;1;0;1;1;1;1;0;0;-;1;0;0;0;1;1;0;0;-;0xd38000;-;0x938000;-;1;0;0;0;1;1;0;0;-;DIFF;OK;
0;1;1;0;1;1;1;1;0;1;-;1;0;0;0;1;1;0;1;-;0xd3a000;-;0x93a000;-;1;0;0;0;1;1;0;1;-;DIFF;OK;
0;1;1;0;1;1;1;1;1;0;-;1;0;0;0;1;1;1;0;-;0xd3c000;-;0x93c000;-;1;0;0;0;1;1;1;0;-;DIFF;OK;
0;1;1;0;1;1;1;1;1;1;-;1;0;0;0;1;1;1;1;-;0xd3e000;-;0x93e000;-;1;0;0;0;1;1;1;1;-;DIFF;OK;
0;1;1;1;0;0;0;0;0;0;-;1;0;0;1;0;1;0;0;-;0xe00000;-;0xa08000;-;1;0;0;1;0;1;0;0;-;DIFF;OK;
0;1;1;1;0;0;0;0;0;1;-;1;0;0;1;0;1;0;1;-;0xe02000;-;0xa0a000;-;1;0;0;1;0;1;0;1;-;DIFF;OK;
0;1;1;1;0;0;0;0;1;0;-;1;0;0;1;0;1;1;0;-;0xe04000;-;0xa0c000;-;1;0;0;1;0;1;1;0;-;DIFF;OK;
0;1;1;1;0;0;0;0;1;1;-;1;0;0;1;0;1;1;1;-;0xe06000;-;0xa0e000;-;1;0;0;1;0;1;1;1;-;DIFF;OK;
0;1;1;1;0;0;0;1;0;0;-;1;0;0;0;0;1;0;0;-;0xe08000;-;0x808000;-;1;0;0;0;0;1;0;0;-;DIFF;OK;
0;1;1;1;0;0;0;1;0;1;-;1;0;0;0;0;1;0;1;-;0xe0a000;-;0x80a000;-;1;0;0;0;0;1;0;1;-;DIFF;OK;
0;1;1;1;0;0;0;1;1;0;-;1;0;0;0;0;1;1;0;-;0xe0c000;-;0x80c000;-;1;0;0;0;0;1;1;0;-;DIFF;OK;
0;1;1;1;0;0;0;1;1;1;-;1;0;0;0;0;1;1;1;-;0xe0e000;-;0x80e000;-;1;0;0;0;0;1;1;1;-;DIFF;OK;
0;1;1;1;0;0;1;0;0;0;-;1;0;0;1;0;1;0;0;-;0xe10000;-;0xa18000;-;1;0;0;1;0;1;0;0;-;DIFF;OK;
0;1;1;1;0;0;1;0;0;1;-;1;0;0;1;0;1;0;1;-;0xe12000;-;0xa1a000;-;1;0;0;1;0;1;0;1;-;DIFF;OK;
0;1;1;1;0;0;1;0;1;0;-;1;0;0;1;0;1;1;0;-;0xe14000;-;0xa1c000;-;1;0;0;1;0;1;1;0;-;DIFF;OK;
0;1;1;1;0;0;1;0;1;1;-;1;0;0;1;0;1;1;1;-;0xe16000;-;0xa1e000;-;1;0;0;1;0;1;1;1;-;DIFF;OK;
0;1;1;1;0;0;1;1;0;0;-;1;0;0;0;0;1;0;0;-;0xe18000;-;0x818000;-;1;0;0;0;0;1;0;0;-;DIFF;OK;
0;1;1;1;0;0;1;1;0;1;-;1;0;0;0;0;1;0;1;-;0xe1a000;-;0x81a000;-;1;0;0;0;0;1;0;1;-;DIFF;OK;
0;1;1;1;0;0;1;1;1;0;-;1;0;0;0;0;1;1;0;-;0xe1c000;-;0x81c000;-;1;0;0;0;0;1;1;0;-;DIFF;OK;
0;1;1;1;0;0;1;1;1;1;-;1;0;0;0;0;1;1;1;-;0xe1e000;-;0x81e000;-;1;0;0;0;0;1;1;1;-;DIFF;OK;
0;1;1;1;0;1;0;0;0;0;-;1;0;0;1;0;1;0;0;-;0xe20000;-;0xa28000;-;1;0;0;1;0;1;0;0;-;DIFF;OK;
0;1;1;1;0;1;0;0;0;1;-;1;0;0;1;0;1;0;1;-;0xe22000;-;0xa2a000;-;1;0;0;1;0;1;0;1;-;DIFF;OK;
0;1;1;1;0;1;0;0;1;0;-;1;0;0;1;0;1;1;0;-;0xe24000;-;0xa2c000;-;1;0;0;1;0;1;1;0;-;DIFF;OK;
0;1;1;1;0;1;0;0;1;1;-;1;0;0;1;0;1;1;1;-;0xe26000;-;0xa2e000;-;1;0;0;1;0;1;1;1;-;DIFF;OK;
0;1;1;1;0;1;0;1;0;0;-;1;0;0;0;0;1;0;0;-;0xe28000;-;0x828000;-;1;0;0;0;0;1;0;0;-;DIFF;OK;
0;1;1;1;0;1;0;1;0;1;-;1;0;0;0;0;1;0;1;-;0xe2a000;-;0x82a000;-;1;0;0;0;0;1;0;1;-;DIFF;OK;
0;1;1;1;0;1;0;1;1;0;-;1;0;0;0;0;1;1;0;-;0xe2c000;-;0x82c000;-;1;0;0;0;0;1;1;0;-;DIFF;OK;
0;1;1;1;0;1;0;1;1;1;-;1;0;0;0;0;1;1;1;-;0xe2e000;-;0x82e000;-;1;0;0;0;0;1;1;1;-;DIFF;OK;
0;1;1;1;0;1;1;0;0;0;-;1;0;0;1;0;1;0;0;-;0xe30000;-;0xa38000;-;1;0;0;1;0;1;0;0;-;DIFF;OK;
0;1;1;1;0;1;1;0;0;1;-;1;0;0;1;0;1;0;1;-;0xe32000;-;0xa3a000;-;1;0;0;1;0;1;0;1;-;DIFF;OK;
0;1;1;1;0;1;1;0;1;0;-;1;0;0;1;0;1;1;0;-;0xe34000;-;0xa3c000;-;1;0;0;1;0;1;1;0;-;DIFF;OK;
0;1;1;1;0;1;1;0;1;1;-;1;0;0;1;0;1;1;1;-;0xe36000;-;0xa3e000;-;1;0;0;1;0;1;1;1;-;DIFF;OK;
0;1;1;1;0;1;1;1;0;0;-;1;0;0;0;0;1;0;0;-;0xe38000;-;0x838000;-;1;0;0;0;0;1;0;0;-;DIFF;OK;
0;1;1;1;0;1;1;1;0;1;-;1;0;0;0;0;1;0;1;-;0xe3a000;-;0x83a000;-;1;0;0;0;0;1;0;1;-;DIFF;OK;
0;1;1;1;0;1;1;1;1;0;-;1;0;0;0;0;1;1;0;-;0xe3c000;-;0x83c000;-;1;0;0;0;0;1;1;0;-;DIFF;OK;
0;1;1;1;0;1;1;1;1;1;-;1;0;0;0;0;1;1;1;-;0xe3e000;-;0x83e000;-;1;0;0;0;0;1;1;1;-;DIFF;OK;
0;1;1;1;1;0;0;0;0;0;-;1;0;0;1;1;1;0;0;-;0xf00000;-;0xb08000;-;1;0;0;1;1;1;0;0;-;DIFF;OK;
0;1;1;1;1;0;0;0;0;1;-;1;0;0;1;1;1;0;1;-;0xf02000;-;0xb0a000;-;1;0;0;1;1;1;0;1;-;DIFF;OK;
0;1;1;1;1;0;0;0;1;0;-;1;0;0;1;1;1;1;0;-;0xf04000;-;0xb0c000;-;1;0;0;1;1;1;1;0;-;DIFF;OK;
0;1;1;1;1;0;0;0;1;1;-;1;0;0;1;1;1;1;1;-;0xf06000;-;0xb0e000;-;1;0;0;1;1;1;1;1;-;DIFF;OK;
0;1;1;1;1;0;0;1;0;0;-;1;0;0;0;1;1;0;0;-;0xf08000;-;0x908000;-;1;0;0;0;1;1;0;0;-;DIFF;OK;
0;1;1;1;1;0;0;1;0;1;-;1;0;0;0;1;1;0;1;-;0xf0a000;-;0x90a000;-;1;0;0;0;1;1;0;1;-;DIFF;OK;
0;1;1;1;1;0;0;1;1;0;-;1;0;0;0;1;1;1;0;-;0xf0c000;-;0x90c000;-;1;0;0;0;1;1;1;0;-;DIFF;OK;
0;1;1;1;1;0;0;1;1;1;-;1;0;0;0;1;1;1;1;-;0xf0e000;-;0x90e000;-;1;0;0;0;1;1;1;1;-;DIFF;OK;
0;1;1;1;1;0;1;0;0;0;-;1;0;0;1;1;1;0;0;-;0xf10000;-;0xb18000;-;1;0;0;1;1;1;0;0;-;DIFF;OK;
0;1;1;1;1;0;1;0;0;1;-;1;0;0;1;1;1;0;1;-;0xf12000;-;0xb1a000;-;1;0;0;1;1;1;0;1;-;DIFF;OK;
0;1;1;1;1;0;1;0;1;0;-;1;0;0;1;1;1;1;0;-;0xf14000;-;0xb1c000;-;1;0;0;1;1;1;1;0;-;DIFF;OK;
0;1;1;1;1;0;1;0;1;1;-;1;0;0;1;1;1;1;1;-;0xf16000;-;0xb1e000;-;1;0;0;1;1;1;1;1;-;DIFF;OK;
0;1;1;1;1;0;1;1;0;0;-;1;0;0;0;1;1;0;0;-;0xf18000;-;0x918000;-;1;0;0;0;1;1;0;0;-;DIFF;OK;
0;1;1;1;1;0;1;1;0;1;-;1;0;0;0;1;1;0;1;-;0xf1a000;-;0x91a000;-;1;0;0;0;1;1;0;1;-;DIFF;OK;
0;1;1;1;1;0;1;1;1;0;-;1;0;0;0;1;1;1;0;-;0xf1c000;-;0x91c000;-;1;0;0;0;1;1;1;0;-;DIFF;OK;
0;1;1;1;1;0;1;1;1;1;-;1;0;0;0;1;1;1;1;-;0xf1e000;-;0x91e000;-;1;0;0;0;1;1;1;1;-;DIFF;OK;
0;1;1;1;1;1;0;0;0;0;-;1;0;0;1;1;1;0;0;-;0xf20000;-;0xb28000;-;1;0;0;1;1;1;0;0;-;DIFF;OK;
0;1;1;1;1;1;0;0;0;1;-;1;0;0;1;1;1;0;1;-;0xf22000;-;0xb2a000;-;1;0;0;1;1;1;0;1;-;DIFF;OK;
0;1;1;1;1;1;0;0;1;0;-;1;0;0;1;1;1;1;0;-;0xf24000;-;0xb2c000;-;1;0;0;1;1;1;1;0;-;DIFF;OK;
0;1;1;1;1;1;0;0;1;1;-;1;0;0;1;1;1;1;1;-;0xf26000;-;0xb2e000;-;1;0;0;1;1;1;1;1;-;DIFF;OK;
0;1;1;1;1;1;0;1;0;0;-;1;0;0;0;1;1;0;0;-;0xf28000;-;0x928000;-;1;0;0;0;1;1;0;0;-;DIFF;OK;
0;1;1;1;1;1;0;1;0;1;-;1;0;0;0;1;1;0;1;-;0xf2a000;-;0x92a000;-;1;0;0;0;1;1;0;1;-;DIFF;OK;
0;1;1;1;1;1;0;1;1;0;-;1;0;0;0;1;1;1;0;-;0xf2c000;-;0x92c000;-;1;0;0;0;1;1;1;0;-;DIFF;OK;
0;1;1;1;1;1;0;1;1;1;-;1;0;0;0;1;1;1;1;-;0xf2e000;-;0x92e000;-;1;0;0;0;1;1;1;1;-;DIFF;OK;
0;1;1;1;1;1;1;0;0;0;-;1;0;0;1;1;1;0;0;-;0xf30000;-;0xb38000;-;1;0;0;1;1;1;0;0;-;DIFF;OK;
0;1;1;1;1;1;1;0;0;1;-;1;0;0;1;1;1;0;1;-;0xf32000;-;0xb3a000;-;1;0;0;1;1;1;0;1;-;DIFF;OK;
0;1;1;1;1;1;1;0;1;0;-;1;0;0;1;1;1;1;0;-;0xf34000;-;0xb3c000;-;1;0;0;1;1;1;1;0;-;DIFF;OK;
0;1;1;1;1;1;1;0;1;1;-;1;0;0;1;1;1;1;1;-;0xf36000;-;0xb3e000;-;1;0;0;1;1;1;1;1;-;DIFF;OK;
0;1;1;1;1;1;1;1;0;0;-;1;0;0;0;1;1;0;0;-;0xf38000;-;0x938000;-;1;0;0;0;1;1;0;0;-;DIFF;OK;
0;1;1;1;1;1;1;1;0;1;-;1;0;0;0;1;1;0;1;-;0xf3a000;-;0x93a000;-;1;0;0;0;1;1;0;1;-;DIFF;OK;
0;1;1;1;1;1;1;1;1;0;-;1;0;0;0;1;1;1;0;-;0xf3c000;-;0x93c000;-;1;0;0;0;1;1;1;0;-;DIFF;OK;
0;1;1;1;1;1;1;1;1;1;-;1;0;0;0;1;1;1;1;-;0xf3e000;-;0x93e000;-;1;0;0;0;1;1;1;1;-;DIFF;OK;
1;0;0;0;0;0;0;0;0;0;-;1;0;0;0;0;0;0;0;-;0x000000;-;0x000000;-;1;1;0;0;0;0;0;0;-;;OK;
1;0;0;0;0;0;0;0;0;1;-;1;0;0;0;0;0;0;1;-;0x002000;-;0x002000;-;1;1;0;0;0;0;0;1;-;;OK;
1;0;0;0;0;0;0;0;1;0;-;1;0;0;0;0;0;1;0;-;0x004000;-;0x004000;-;1;1;0;0;0;0;1;0;-;;OK;
1;0;0;0;0;0;0;0;1;1;-;1;0;0;0;0;0;1;1;-;0x006000;-;0x006000;-;1;1;0;0;0;0;1;1;-;;OK;
1;0;0;0;0;0;0;1;0;0;-;1;0;0;0;0;1;0;0;-;0x008000;-;0x008000;-;1;1;0;0;0;1;0;0;-;;OK;
1;0;0;0;0;0;0;1;0;1;-;1;0;0;0;0;1;0;1;-;0x00a000;-;0x00a000;-;1;1;0;0;0;1;0;1;-;;OK;
1;0;0;0;0;0;0;1;1;0;-;1;0;0;0;0;1;1;0;-;0x00c000;-;0x00c000;-;1;1;0;0;0;1;1;0;-;;OK;
1;0;0;0;0;0;0;1;1;1;-;1;0;0;0;0;1;1;1;-;0x00e000;-;0x00e000;-;1;1;0;0;0;1;1;1;-;;OK;
1;0;0;0;0;0;1;0;0;0;-;1;0;0;0;0;0;0;0;-;0x010000;-;0x010000;-;1;1;0;0;0;0;0;0;-;;OK;
1;0;0;0;0;0;1;0;0;1;-;1;0;0;0;0;0;0;1;-;0x012000;-;0x012000;-;1;1;0;0;0;0;0;1;-;;OK;
1;0;0;0;0;0;1;0;1;0;-;1;0;0;0;0;0;1;0;-;0x014000;-;0x014000;-;1;1;0;0;0;0;1;0;-;;OK;
1;0;0;0;0;0;1;0;1;1;-;1;0;0;0;0;0;1;1;-;0x016000;-;0x016000;-;1;1;0;0;0;0;1;1;-;;OK;
1;0;0;0;0;0;1;1;0;0;-;1;0;0;0;0;1;0;0;-;0x018000;-;0x018000;-;1;1;0;0;0;1;0;0;-;;OK;
1;0;0;0;0;0;1;1;0;1;-;1;0;0;0;0;1;0;1;-;0x01a000;-;0x01a000;-;1;1;0;0;0;1;0;1;-;;OK;
1;0;0;0;0;0;1;1;1;0;-;1;0;0;0;0;1;1;0;-;0x01c000;-;0x01c000;-;1;1;0;0;0;1;1;0;-;;OK;
1;0;0;0;0;0;1;1;1;1;-;1;0;0;0;0;1;1;1;-;0x01e000;-;0x01e000;-;1;1;0;0;0;1;1;1;-;;OK;
1;0;0;0;0;1;0;0;0;0;-;1;0;0;0;0;0;0;0;-;0x020000;-;0x020000;-;1;1;0;0;0;0;0;0;-;;OK;
1;0;0;0;0;1;0;0;0;1;-;1;0;0;0;0;0;0;1;-;0x022000;-;0x022000;-;1;1;0;0;0;0;0;1;-;;OK;
1;0;0;0;0;1;0;0;1;0;-;1;0;0;0;0;0;1;0;-;0x024000;-;0x024000;-;1;1;0;0;0;0;1;0;-;;OK;
1;0;0;0;0;1;0;0;1;1;-;1;0;0;0;0;0;1;1;-;0x026000;-;0x026000;-;1;1;0;0;0;0;1;1;-;;OK;
1;0;0;0;0;1;0;1;0;0;-;1;0;0;0;0;1;0;0;-;0x028000;-;0x028000;-;1;1;0;0;0;1;0;0;-;;OK;
1;0;0;0;0;1;0;1;0;1;-;1;0;0;0;0;1;0;1;-;0x02a000;-;0x02a000;-;1;1;0;0;0;1;0;1;-;;OK;
1;0;0;0;0;1;0;1;1;0;-;1;0;0;0;0;1;1;0;-;0x02c000;-;0x02c000;-;1;1;0;0;0;1;1;0;-;;OK;
1;0;0;0;0;1;0;1;1;1;-;1;0;0;0;0;1;1;1;-;0x02e000;-;0x02e000;-;1;1;0;0;0;1;1;1;-;;OK;
1;0;0;0;0;1;1;0;0;0;-;1;0;0;0;0;0;0;0;-;0x030000;-;0x030000;-;1;1;0;0;0;0;0;0;-;;OK;
1;0;0;0;0;1;1;0;0;1;-;1;0;0;0;0;0;0;1;-;0x032000;-;0x032000;-;1;1;0;0;0;0;0;1;-;;OK;
1;0;0;0;0;1;1;0;1;0;-;1;0;0;0;0;0;1;0;-;0x034000;-;0x034000;-;1;1;0;0;0;0;1;0;-;;OK;
1;0;0;0;0;1;1;0;1;1;-;1;0;0;0;0;0;1;1;-;0x036000;-;0x036000;-;1;1;0;0;0;0;1;1;-;;OK;
1;0;0;0;0;1;1;1;0;0;-;1;0;0;0;0;1;0;0;-;0x038000;-;0x038000;-;1;1;0;0;0;1;0;0;-;;OK;
1;0;0;0;0;1;1;1;0;1;-;1;0;0;0;0;1;0;1;-;0x03a000;-;0x03a000;-;1;1;0;0;0;1;0;1;-;;OK;
1;0;0;0;0;1;1;1;1;0;-;1;0;0;0;0;1;1;0;-;0x03c000;-;0x03c000;-;1;1;0;0;0;1;1;0;-;;OK;
1;0;0;0;0;1;1;1;1;1;-;1;0;0;0;0;1;1;1;-;0x03e000;-;0x03e000;-;1;1;0;0;0;1;1;1;-;;OK;
1;0;0;0;1;0;0;0;0;0;-;1;0;0;0;1;0;0;0;-;0x100000;-;0x100000;-;1;1;0;0;1;0;0;0;-;;OK;
1;0;0;0;1;0;0;0;0;1;-;1;0;0;0;1;0;0;1;-;0x102000;-;0x102000;-;1;1;0;0;1;0;0;1;-;;OK;
1;0;0;0;1;0;0;0;1;0;-;1;0;0;0;1;0;1;0;-;0x104000;-;0x104000;-;1;1;0;0;1;0;1;0;-;;OK;
1;0;0;0;1;0;0;0;1;1;-;1;0;0;0;1;0;1;1;-;0x106000;-;0x106000;-;1;1;0;0;1;0;1;1;-;;OK;
1;0;0;0;1;0;0;1;0;0;-;1;0;0;0;1;1;0;0;-;0x108000;-;0x108000;-;1;1;0;0;1;1;0;0;-;;OK;
1;0;0;0;1;0;0;1;0;1;-;1;0;0;0;1;1;0;1;-;0x10a000;-;0x10a000;-;1;1;0;0;1;1;0;1;-;;OK;
1;0;0;0;1;0;0;1;1;0;-;1;0;0;0;1;1;1;0;-;0x10c000;-;0x10c000;-;1;1;0;0;1;1;1;0;-;;OK;
1;0;0;0;1;0;0;1;1;1;-;1;0;0;0;1;1;1;1;-;0x10e000;-;0x10e000;-;1;1;0;0;1;1;1;1;-;;OK;
1;0;0;0;1;0;1;0;0;0;-;1;0;0;0;1;0;0;0;-;0x110000;-;0x110000;-;1;1;0;0;1;0;0;0;-;;OK;
1;0;0;0;1;0;1;0;0;1;-;1;0;0;0;1;0;0;1;-;0x112000;-;0x112000;-;1;1;0;0;1;0;0;1;-;;OK;
1;0;0;0;1;0;1;0;1;0;-;1;0;0;0;1;0;1;0;-;0x114000;-;0x114000;-;1;1;0;0;1;0;1;0;-;;OK;
1;0;0;0;1;0;1;0;1;1;-;1;0;0;0;1;0;1;1;-;0x116000;-;0x116000;-;1;1;0;0;1;0;1;1;-;;OK;
1;0;0;0;1;0;1;1;0;0;-;1;0;0;0;1;1;0;0;-;0x118000;-;0x118000;-;1;1;0;0;1;1;0;0;-;;OK;
1;0;0;0;1;0;1;1;0;1;-;1;0;0;0;1;1;0;1;-;0x11a000;-;0x11a000;-;1;1;0;0;1;1;0;1;-;;OK;
1;0;0;0;1;0;1;1;1;0;-;1;0;0;0;1;1;1;0;-;0x11c000;-;0x11c000;-;1;1;0;0;1;1;1;0;-;;OK;
1;0;0;0;1;0;1;1;1;1;-;1;0;0;0;1;1;1;1;-;0x11e000;-;0x11e000;-;1;1;0;0;1;1;1;1;-;;OK;
1;0;0;0;1;1;0;0;0;0;-;1;0;0;0;1;0;0;0;-;0x120000;-;0x120000;-;1;1;0;0;1;0;0;0;-;;OK;
1;0;0;0;1;1;0;0;0;1;-;1;0;0;0;1;0;0;1;-;0x122000;-;0x122000;-;1;1;0;0;1;0;0;1;-;;OK;
1;0;0;0;1;1;0;0;1;0;-;1;0;0;0;1;0;1;0;-;0x124000;-;0x124000;-;1;1;0;0;1;0;1;0;-;;OK;
1;0;0;0;1;1;0;0;1;1;-;1;0;0;0;1;0;1;1;-;0x126000;-;0x126000;-;1;1;0;0;1;0;1;1;-;;OK;
1;0;0;0;1;1;0;1;0;0;-;1;0;0;0;1;1;0;0;-;0x128000;-;0x128000;-;1;1;0;0;1;1;0;0;-;;OK;
1;0;0;0;1;1;0;1;0;1;-;1;0;0;0;1;1;0;1;-;0x12a000;-;0x12a000;-;1;1;0;0;1;1;0;1;-;;OK;
1;0;0;0;1;1;0;1;1;0;-;1;0;0;0;1;1;1;0;-;0x12c000;-;0x12c000;-;1;1;0;0;1;1;1;0;-;;OK;
1;0;0;0;1;1;0;1;1;1;-;1;0;0;0;1;1;1;1;-;0x12e000;-;0x12e000;-;1;1;0;0;1;1;1;1;-;;OK;
1;0;0;0;1;1;1;0;0;0;-;1;0;0;0;1;0;0;0;-;0x130000;-;0x130000;-;1;1;0;0;1;0;0;0;-;;OK;
1;0;0;0;1;1;1;0;0;1;-;1;0;0;0;1;0;0;1;-;0x132000;-;0x132000;-;1;1;0;0;1;0;0;1;-;;OK;
1;0;0;0;1;1;1;0;1;0;-;1;0;0;0;1;0;1;0;-;0x134000;-;0x134000;-;1;1;0;0;1;0;1;0;-;;OK;
1;0;0;0;1;1;1;0;1;1;-;1;0;0;0;1;0;1;1;-;0x136000;-;0x136000;-;1;1;0;0;1;0;1;1;-;;OK;
1;0;0;0;1;1;1;1;0;0;-;1;0;0;0;1;1;0;0;-;0x138000;-;0x138000;-;1;1;0;0;1;1;0;0;-;;OK;
1;0;0;0;1;1;1;1;0;1;-;1;0;0;0;1;1;0;1;-;0x13a000;-;0x13a000;-;1;1;0;0;1;1;0;1;-;;OK;
1;0;0;0;1;1;1;1;1;0;-;1;0;0;0;1;1;1;0;-;0x13c000;-;0x13c000;-;1;1;0;0;1;1;1;0;-;;OK;
1;0;0;0;1;1;1;1;1;1;-;1;0;0;0;1;1;1;1;-;0x13e000;-;0x13e000;-;1;1;0;0;1;1;1;1;-;;OK;
1;0;0;1;0;0;0;0;0;0;-;1;0;0;1;0;0;0;0;-;0x200000;-;0x200000;-;1;1;0;1;0;0;0;0;-;;OK;
1;0;0;1;0;0;0;0;0;1;-;1;0;0;1;0;0;0;1;-;0x202000;-;0x202000;-;1;1;0;1;0;0;0;1;-;;OK;
1;0;0;1;0;0;0;0;1;0;-;1;0;0;1;0;0;1;0;-;0x204000;-;0x204000;-;1;1;0;1;0;0;1;0;-;;OK;
1;0;0;1;0;0;0;0;1;1;-;1;0;1;1;1;0;0;0;-;0x206000;-;0x700000;-;1;0;1;1;1;0;0;0;-;DIFF;OK;
1;0;0;1;0;0;0;1;0;0;-;1;0;0;1;0;1;0;0;-;0x208000;-;0x208000;-;1;1;0;1;0;1;0;0;-;;OK;
1;0;0;1;0;0;0;1;0;1;-;1;0;0;1;0;1;0;1;-;0x20a000;-;0x20a000;-;1;1;0;1;0;1;0;1;-;;OK;
1;0;0;1;0;0;0;1;1;0;-;1;0;0;1;0;1;1;0;-;0x20c000;-;0x20c000;-;1;1;0;1;0;1;1;0;-;;OK;
1;0;0;1;0;0;0;1;1;1;-;1;0;0;1;0;1;1;1;-;0x20e000;-;0x20e000;-;1;1;0;1;0;1;1;1;-;;OK;
1;0;0;1;0;0;1;0;0;0;-;1;0;0;1;0;0;0;0;-;0x210000;-;0x210000;-;1;1;0;1;0;0;0;0;-;;OK;
1;0;0;1;0;0;1;0;0;1;-;1;0;0;1;0;0;0;1;-;0x212000;-;0x212000;-;1;1;0;1;0;0;0;1;-;;OK;
1;0;0;1;0;0;1;0;1;0;-;1;0;0;1;0;0;1;0;-;0x214000;-;0x214000;-;1;1;0;1;0;0;1;0;-;;OK;
1;0;0;1;0;0;1;0;1;1;-;1;0;1;1;1;0;0;1;-;0x216000;-;0x712000;-;1;0;1;1;1;0;0;1;-;DIFF;OK;
1;0;0;1;0;0;1;1;0;0;-;1;0;0;1;0;1;0;0;-;0x218000;-;0x218000;-;1;1;0;1;0;1;0;0;-;;OK;
1;0;0;1;0;0;1;1;0;1;-;1;0;0;1;0;1;0;1;-;0x21a000;-;0x21a000;-;1;1;0;1;0;1;0;1;-;;OK;
1;0;0;1;0;0;1;1;1;0;-;1;0;0;1;0;1;1;0;-;0x21c000;-;0x21c000;-;1;1;0;1;0;1;1;0;-;;OK;
1;0;0;1;0;0;1;1;1;1;-;1;0;0;1;0;1;1;1;-;0x21e000;-;0x21e000;-;1;1;0;1;0;1;1;1;-;;OK;
1;0;0;1;0;1;0;0;0;0;-;1;0;0;1;0;0;0;0;-;0x220000;-;0x220000;-;1;1;0;1;0;0;0;0;-;;OK;
1;0;0;1;0;1;0;0;0;1;-;1;0;0;1;0;0;0;1;-;0x222000;-;0x222000;-;1;1;0;1;0;0;0;1;-;;OK;
1;0;0;1;0;1;0;0;1;0;-;1;0;0;1;0;0;1;0;-;0x224000;-;0x224000;-;1;1;0;1;0;0;1;0;-;;OK;
1;0;0;1;0;1;0;0;1;1;-;1;0;1;1;1;0;1;0;-;0x226000;-;0x724000;-;1;0;1;1;1;0;1;0;-;DIFF;OK;
1;0;0;1;0;1;0;1;0;0;-;1;0;0;1;0;1;0;0;-;0x228000;-;0x228000;-;1;1;0;1;0;1;0;0;-;;OK;
1;0;0;1;0;1;0;1;0;1;-;1;0;0;1;0;1;0;1;-;0x22a000;-;0x22a000;-;1;1;0;1;0;1;0;1;-;;OK;
1;0;0;1;0;1;0;1;1;0;-;1;0;0;1;0;1;1;0;-;0x22c000;-;0x22c000;-;1;1;0;1;0;1;1;0;-;;OK;
1;0;0;1;0;1;0;1;1;1;-;1;0;0;1;0;1;1;1;-;0x22e000;-;0x22e000;-;1;1;0;1;0;1;1;1;-;;OK;
1;0;0;1;0;1;1;0;0;0;-;1;0;0;1;0;0;0;0;-;0x230000;-;0x230000;-;1;1;0;1;0;0;0;0;-;;OK;
1;0;0;1;0;1;1;0;0;1;-;1;0;0;1;0;0;0;1;-;0x232000;-;0x232000;-;1;1;0;1;0;0;0;1;-;;OK;
1;0;0;1;0;1;1;0;1;0;-;1;0;0;1;0;0;1;0;-;0x234000;-;0x234000;-;1;1;0;1;0;0;1;0;-;;OK;
1;0;0;1;0;1;1;0;1;1;-;1;0;1;1;1;0;1;1;-;0x236000;-;0x736000;-;1;0;1;1;1;0;1;1;-;DIFF;OK;
1;0;0;1;0;1;1;1;0;0;-;1;0;0;1;0;1;0;0;-;0x238000;-;0x238000;-;1;1;0;1;0;1;0;0;-;;OK;
1;0;0;1;0;1;1;1;0;1;-;1;0;0;1;0;1;0;1;-;0x23a000;-;0x23a000;-;1;1;0;1;0;1;0;1;-;;OK;
1;0;0;1;0;1;1;1;1;0;-;1;0;0;1;0;1;1;0;-;0x23c000;-;0x23c000;-;1;1;0;1;0;1;1;0;-;;OK;
1;0;0;1;0;1;1;1;1;1;-;1;0;0;1;0;1;1;1;-;0x23e000;-;0x23e000;-;1;1;0;1;0;1;1;1;-;;OK;
1;0;0;1;1;0;0;0;0;0;-;1;0;0;1;1;0;0;0;-;0x300000;-;0x300000;-;1;1;0;1;1;0;0;0;-;;OK;
1;0;0;1;1;0;0;0;0;1;-;1;0;0;1;1;0;0;1;-;0x302000;-;0x302000;-;1;1;0;1;1;0;0;1;-;;OK;
1;0;0;1;1;0;0;0;1;0;-;1;0;0;1;1;0;1;0;-;0x304000;-;0x304000;-;1;1;0;1;1;0;1;0;-;;OK;
1;0;0;1;1;0;0;0;1;1;-;1;0;1;1;1;0;0;0;-;0x306000;-;0x700000;-;1;0;1;1;1;0;0;0;-;DIFF;OK;
1;0;0;1;1;0;0;1;0;0;-;1;0;0;1;1;1;0;0;-;0x308000;-;0x308000;-;1;1;0;1;1;1;0;0;-;;OK;
1;0;0;1;1;0;0;1;0;1;-;1;0;0;1;1;1;0;1;-;0x30a000;-;0x30a000;-;1;1;0;1;1;1;0;1;-;;OK;
1;0;0;1;1;0;0;1;1;0;-;1;0;0;1;1;1;1;0;-;0x30c000;-;0x30c000;-;1;1;0;1;1;1;1;0;-;;OK;
1;0;0;1;1;0;0;1;1;1;-;1;0;0;1;1;1;1;1;-;0x30e000;-;0x30e000;-;1;1;0;1;1;1;1;1;-;;OK;
1;0;0;1;1;0;1;0;0;0;-;1;0;0;1;1;0;0;0;-;0x310000;-;0x310000;-;1;1;0;1;1;0;0;0;-;;OK;
1;0;0;1;1;0;1;0;0;1;-;1;0;0;1;1;0;0;1;-;0x312000;-;0x312000;-;1;1;0;1;1;0;0;1;-;;OK;
1;0;0;1;1;0;1;0;1;0;-;1;0;0;1;1;0;1;0;-;0x314000;-;0x314000;-;1;1;0;1;1;0;1;0;-;;OK;
1;0;0;1;1;0;1;0;1;1;-;1;0;1;1;1;0;0;1;-;0x316000;-;0x712000;-;1;0;1;1;1;0;0;1;-;DIFF;OK;
1;0;0;1;1;0;1;1;0;0;-;1;0;0;1;1;1;0;0;-;0x318000;-;0x318000;-;1;1;0;1;1;1;0;0;-;;OK;
1;0;0;1;1;0;1;1;0;1;-;1;0;0;1;1;1;0;1;-;0x31a000;-;0x31a000;-;1;1;0;1;1;1;0;1;-;;OK;
1;0;0;1;1;0;1;1;1;0;-;1;0;0;1;1;1;1;0;-;0x31c000;-;0x31c000;-;1;1;0;1;1;1;1;0;-;;OK;
1;0;0;1;1;0;1;1;1;1;-;1;0;0;1;1;1;1;1;-;0x31e000;-;0x31e000;-;1;1;0;1;1;1;1;1;-;;OK;
1;0;0;1;1;1;0;0;0;0;-;1;0;0;1;1;0;0;0;-;0x320000;-;0x320000;-;1;1;0;1;1;0;0;0;-;;OK;
1;0;0;1;1;1;0;0;0;1;-;1;0;0;1;1;0;0;1;-;0x322000;-;0x322000;-;1;1;0;1;1;0;0;1;-;;OK;
1;0;0;1;1;1;0;0;1;0;-;1;0;0;1;1;0;1;0;-;0x324000;-;0x324000;-;1;1;0;1;1;0;1;0;-;;OK;
1;0;0;1;1;1;0;0;1;1;-;1;0;1;1;1;0;1;0;-;0x326000;-;0x724000;-;1;0;1;1;1;0;1;0;-;DIFF;OK;
1;0;0;1;1;1;0;1;0;0;-;1;0;0;1;1;1;0;0;-;0x328000;-;0x328000;-;1;1;0;1;1;1;0;0;-;;OK;
1;0;0;1;1;1;0;1;0;1;-;1;0;0;1;1;1;0;1;-;0x32a000;-;0x32a000;-;1;1;0;1;1;1;0;1;-;;OK;
1;0;0;1;1;1;0;1;1;0;-;1;0;0;1;1;1;1;0;-;0x32c000;-;0x32c000;-;1;1;0;1;1;1;1;0;-;;OK;
1;0;0;1;1;1;0;1;1;1;-;1;0;0;1;1;1;1;1;-;0x32e000;-;0x32e000;-;1;1;0;1;1;1;1;1;-;;OK;
1;0;0;1;1;1;1;0;0;0;-;1;0;0;1;1;0;0;0;-;0x330000;-;0x330000;-;1;1;0;1;1;0;0;0;-;;OK;
1;0;0;1;1;1;1;0;0;1;-;1;0;0;1;1;0;0;1;-;0x332000;-;0x332000;-;1;1;0;1;1;0;0;1;-;;OK;
1;0;0;1;1;1;1;0;1;0;-;1;0;0;1;1;0;1;0;-;0x334000;-;0x334000;-;1;1;0;1;1;0;1;0;-;;OK;
1;0;0;1;1;1;1;0;1;1;-;1;0;1;1;1;0;1;1;-;0x336000;-;0x736000;-;1;0;1;1;1;0;1;1;-;DIFF;OK;
1;0;0;1;1;1;1;1;0;0;-;1;0;0;1;1;1;0;0;-;0x338000;-;0x338000;-;1;1;0;1;1;1;0;0;-;;OK;
1;0;0;1;1;1;1;1;0;1;-;1;0;0;1;1;1;0;1;-;0x33a000;-;0x33a000;-;1;1;0;1;1;1;0;1;-;;OK;
1;0;0;1;1;1;1;1;1;0;-;1;0;0;1;1;1;1;0;-;0x33c000;-;0x33c000;-;1;1;0;1;1;1;1;0;-;;OK;
1;0;0;1;1;1;1;1;1;1;-;1;0;0;1;1;1;1;1;-;0x33e000;-;0x33e000;-;1;1;0;1;1;1;1;1;-;;OK;
1;0;1;0;0;0;0;0;0;0;-;1;0;1;0;0;0;0;0;-;0x400000;-;0x400000;-;1;1;1;0;0;0;0;0;-;;OK;
1;0;1;0;0;0;0;0;0;1;-;1;0;1;0;0;0;0;1;-;0x402000;-;0x402000;-;1;1;1;0;0;0;0;1;-;;OK;
1;0;1;0;0;0;0;0;1;0;-;1;0;1;0;0;0;1;0;-;0x404000;-;0x404000;-;1;1;1;0;0;0;1;0;-;;OK;
1;0;1;0;0;0;0;0;1;1;-;1;0;1;0;0;0;1;1;-;0x406000;-;0x406000;-;1;1;1;0;0;0;1;1;-;;OK;
1;0;1;0;0;0;0;1;0;0;-;1;0;1;0;0;1;0;0;-;0x408000;-;0x408000;-;1;1;1;0;0;1;0;0;-;;OK;
1;0;1;0;0;0;0;1;0;1;-;1;0;1;0;0;1;0;1;-;0x40a000;-;0x40a000;-;1;1;1;0;0;1;0;1;-;;OK;
1;0;1;0;0;0;0;1;1;0;-;1;0;1;0;0;1;1;0;-;0x40c000;-;0x40c000;-;1;1;1;0;0;1;1;0;-;;OK;
1;0;1;0;0;0;0;1;1;1;-;1;0;1;0;0;1;1;1;-;0x40e000;-;0x40e000;-;1;1;1;0;0;1;1;1;-;;OK;
1;0;1;0;0;0;1;0;0;0;-;1;0;1;0;0;0;0;0;-;0x410000;-;0x410000;-;1;1;1;0;0;0;0;0;-;;OK;
1;0;1;0;0;0;1;0;0;1;-;1;0;1;0;0;0;0;1;-;0x412000;-;0x412000;-;1;1;1;0;0;0;0;1;-;;OK;
1;0;1;0;0;0;1;0;1;0;-;1;0;1;0;0;0;1;0;-;0x414000;-;0x414000;-;1;1;1;0;0;0;1;0;-;;OK;
1;0;1;0;0;0;1;0;1;1;-;1;0;1;0;0;0;1;1;-;0x416000;-;0x416000;-;1;1;1;0;0;0;1;1;-;;OK;
1;0;1;0;0;0;1;1;0;0;-;1;0;1;0;0;1;0;0;-;0x418000;-;0x418000;-;1;1;1;0;0;1;0;0;-;;OK;
1;0;1;0;0;0;1;1;0;1;-;1;0;1;0;0;1;0;1;-;0x41a000;-;0x41a000;-;1;1;1;0;0;1;0;1;-;;OK;
1;0;1;0;0;0;1;1;1;0;-;1;0;1;0;0;1;1;0;-;0x41c000;-;0x41c000;-;1;1;1;0;0;1;1;0;-;;OK;
1;0;1;0;0;0;1;1;1;1;-;1;0;1;0;0;1;1;1;-;0x41e000;-;0x41e000;-;1;1;1;0;0;1;1;1;-;;OK;
1;0;1;0;0;1;0;0;0;0;-;1;0;1;0;0;0;0;0;-;0x420000;-;0x420000;-;1;1;1;0;0;0;0;0;-;;OK;
1;0;1;0;0;1;0;0;0;1;-;1;0;1;0;0;0;0;1;-;0x422000;-;0x422000;-;1;1;1;0;0;0;0;1;-;;OK;
1;0;1;0;0;1;0;0;1;0;-;1;0;1;0;0;0;1;0;-;0x424000;-;0x424000;-;1;1;1;0;0;0;1;0;-;;OK;
1;0;1;0;0;1;0;0;1;1;-;1;0;1;0;0;0;1;1;-;0x426000;-;0x426000;-;1;1;1;0;0;0;1;1;-;;OK;
1;0;1;0;0;1;0;1;0;0;-;1;0;1;0;0;1;0;0;-;0x428000;-;0x428000;-;1;1;1;0;0;1;0;0;-;;OK;
1;0;1;0;0;1;0;1;0;1;-;1;0;1;0;0;1;0;1;-;0x42a000;-;0x42a000;-;1;1;1;0;0;1;0;1;-;;OK;
1;0;1;0;0;1;0;1;1;0;-;1;0;1;0;0;1;1;0;-;0x42c000;-;0x42c000;-;1;1;1;0;0;1;1;0;-;;OK;
1;0;1;0;0;1;0;1;1;1;-;1;0;1;0;0;1;1;1;-;0x42e000;-;0x42e000;-;1;1;1;0;0;1;1;1;-;;OK;
1;0;1;0;0;1;1;0;0;0;-;1;0;1;0;0;0;0;0;-;0x430000;-;0x430000;-;1;1;1;0;0;0;0;0;-;;OK;
1;0;1;0;0;1;1;0;0;1;-;1;0;1;0;0;0;0;1;-;0x432000;-;0x432000;-;1;1;1;0;0;0;0;1;-;;OK;
1;0;1;0;0;1;1;0;1;0;-;1;0;1;0;0;0;1;0;-;0x434000;-;0x434000;-;1;1;1;0;0;0;1;0;-;;OK;
1;0;1;0;0;1;1;0;1;1;-;1;0;1;0;0;0;1;1;-;0x436000;-;0x436000;-;1;1;1;0;0;0;1;1;-;;OK;
1;0;1;0;0;1;1;1;0;0;-;1;0;1;0;0;1;0;0;-;0x438000;-;0x438000;-;1;1;1;0;0;1;0;0;-;;OK;
1;0;1;0;0;1;1;1;0;1;-;1;0;1;0;0;1;0;1;-;0x43a000;-;0x43a000;-;1;1;1;0;0;1;0;1;-;;OK;
1;0;1;0;0;1;1;1;1;0;-;1;0;1;0;0;1;1;0;-;0x43c000;-;0x43c000;-;1;1;1;0;0;1;1;0;-;;OK;
1;0;1;0;0;1;1;1;1;1;-;1;0;1;0;0;1;1;1;-;0x43e000;-;0x43e000;-;1;1;1;0;0;1;1;1;-;;OK;
1;0;1;0;1;0;0;0;0;0;-;1;0;1;0;1;0;0;0;-;0x500000;-;0x500000;-;1;1;1;0;1;0;0;0;-;;OK;
1;0;1;0;1;0;0;0;0;1;-;1;0;1;0;1;0;0;1;-;0x502000;-;0x502000;-;1;1;1;0;1;0;0;1;-;;OK;
1;0;1;0;1;0;0;0;1;0;-;1;0;1;0;1;0;1;0;-;0x504000;-;0x504000;-;1;1;1;0;1;0;1;0;-;;OK;
1;0;1;0;1;0;0;0;1;1;-;1;0;1;0;1;0;1;1;-;0x506000;-;0x506000;-;1;1;1;0;1;0;1;1;-;;OK;
1;0;1;0;1;0;0;1;0;0;-;1;0;1;0;1;1;0;0;-;0x508000;-;0x508000;-;1;1;1;0;1;1;0;0;-;;OK;
1;0;1;0;1;0;0;1;0;1;-;1;0;1;0;1;1;0;1;-;0x50a000;-;0x50a000;-;1;1;1;0;1;1;0;1;-;;OK;
1;0;1;0;1;0;0;1;1;0;-;1;0;1;0;1;1;1;0;-;0x50c000;-;0x50c000;-;1;1;1;0;1;1;1;0;-;;OK;
1;0;1;0;1;0;0;1;1;1;-;1;0;1;0;1;1;1;1;-;0x50e000;-;0x50e000;-;1;1;1;0;1;1;1;1;-;;OK;
1;0;1;0;1;0;1;0;0;0;-;1;0;1;0;1;0;0;0;-;0x510000;-;0x510000;-;1;1;1;0;1;0;0;0;-;;OK;
1;0;1;0;1;0;1;0;0;1;-;1;0;1;0;1;0;0;1;-;0x512000;-;0x512000;-;1;1;1;0;1;0;0;1;-;;OK;
1;0;1;0;1;0;1;0;1;0;-;1;0;1;0;1;0;1;0;-;0x514000;-;0x514000;-;1;1;1;0;1;0;1;0;-;;OK;
1;0;1;0;1;0;1;0;1;1;-;1;0;1;0;1;0;1;1;-;0x516000;-;0x516000;-;1;1;1;0;1;0;1;1;-;;OK;
1;0;1;0;1;0;1;1;0;0;-;1;0;1;0;1;1;0;0;-;0x518000;-;0x518000;-;1;1;1;0;1;1;0;0;-;;OK;
1;0;1;0;1;0;1;1;0;1;-;1;0;1;0;1;1;0;1;-;0x51a000;-;0x51a000;-;1;1;1;0;1;1;0;1;-;;OK;
1;0;1;0;1;0;1;1;1;0;-;1;0;1;0;1;1;1;0;-;0x51c000;-;0x51c000;-;1;1;1;0;1;1;1;0;-;;OK;
1;0;1;0;1;0;1;1;1;1;-;1;0;1;0;1;1;1;1;-;0x51e000;-;0x51e000;-;1;1;1;0;1;1;1;1;-;;OK;
1;0;1;0;1;1;0;0;0;0;-;1;0;1;0;1;0;0;0;-;0x520000;-;0x520000;-;1;1;1;0;1;0;0;0;-;;OK;
1;0;1;0;1;1;0;0;0;1;-;1;0;1;0;1;0;0;1;-;0x522000;-;0x522000;-;1;1;1;0;1;0;0;1;-;;OK;
1;0;1;0;1;1;0;0;1;0;-;1;0;1;0;1;0;1;0;-;0x524000;-;0x524000;-;1;1;1;0;1;0;1;0;-;;OK;
1;0;1;0;1;1;0;0;1;1;-;1;0;1;0;1;0;1;1;-;0x526000;-;0x526000;-;1;1;1;0;1;0;1;1;-;;OK;
1;0;1;0;1;1;0;1;0;0;-;1;0;1;0;1;1;0;0;-;0x528000;-;0x528000;-;1;1;1;0;1;1;0;0;-;;OK;
1;0;1;0;1;1;0;1;0;1;-;1;0;1;0;1;1;0;1;-;0x52a000;-;0x52a000;-;1;1;1;0;1;1;0;1;-;;OK;
1;0;1;0;1;1;0;1;1;0;-;1;0;1;0;1;1;1;0;-;0x52c000;-;0x52c000;-;1;1;1;0;1;1;1;0;-;;OK;
1;0;1;0;1;1;0;1;1;1;-;1;0;1;0;1;1;1;1;-;0x52e000;-;0x52e000;-;1;1;1;0;1;1;1;1;-;;OK;
1;0;1;0;1;1;1;0;0;0;-;1;0;1;0;1;0;0;0;-;0x530000;-;0x530000;-;1;1;1;0;1;0;0;0;-;;OK;
1;0;1;0;1;1;1;0;0;1;-;1;0;1;0;1;0;0;1;-;0x532000;-;0x532000;-;1;1;1;0;1;0;0;1;-;;OK;
1;0;1;0;1;1;1;0;1;0;-;1;0;1;0;1;0;1;0;-;0x534000;-;0x534000;-;1;1;1;0;1;0;1;0;-;;OK;
1;0;1;0;1;1;1;0;1;1;-;1;0;1;0;1;0;1;1;-;0x536000;-;0x536000;-;1;1;1;0;1;0;1;1;-;;OK;
1;0;1;0;1;1;1;1;0;0;-;1;0;1;0;1;1;0;0;-;0x538000;-;0x538000;-;1;1;1;0;1;1;0;0;-;;OK;
1;0;1;0;1;1;1;1;0;1;-;1;0;1;0;1;1;0;1;-;0x53a000;-;0x53a000;-;1;1;1;0;1;1;0;1;-;;OK;
1;0;1;0;1;1;1;1;1;0;-;1;0;1;0;1;1;1;0;-;0x53c000;-;0x53c000;-;1;1;1;0;1;1;1;0;-;;OK;
1;0;1;0;1;1;1;1;1;1;-;1;0;1;0;1;1;1;1;-;0x53e000;-;0x53e000;-;1;1;1;0;1;1;1;1;-;;OK;
1;0;1;1;0;0;0;0;0;0;-;1;0;1;1;0;0;0;0;-;0x600000;-;0x600000;-;1;1;1;1;0;0;0;0;-;;OK;
1;0;1;1;0;0;0;0;0;1;-;1;0;1;1;0;0;0;1;-;0x602000;-;0x602000;-;1;1;1;1;0;0;0;1;-;;OK;
1;0;1;1;0;0;0;0;1;0;-;1;0;1;1;0;0;1;0;-;0x604000;-;0x604000;-;1;1;1;1;0;0;1;0;-;;OK;
1;0;1;1;0;0;0;0;1;1;-;1;0;1;1;0;0;1;1;-;0x606000;-;0x606000;-;1;1;1;1;0;0;1;1;-;;OK;
1;0;1;1;0;0;0;1;0;0;-;1;0;1;1;0;1;0;0;-;0x608000;-;0x608000;-;1;1;1;1;0;1;0;0;-;;OK;
1;0;1;1;0;0;0;1;0;1;-;1;0;1;1;0;1;0;1;-;0x60a000;-;0x60a000;-;1;1;1;1;0;1;0;1;-;;OK;
1;0;1;1;0;0;0;1;1;0;-;1;0;1;1;0;1;1;0;-;0x60c000;-;0x60c000;-;1;1;1;1;0;1;1;0;-;;OK;
1;0;1;1;0;0;0;1;1;1;-;1;0;1;1;0;1;1;1;-;0x60e000;-;0x60e000;-;1;1;1;1;0;1;1;1;-;;OK;
1;0;1;1;0;0;1;0;0;0;-;1;0;1;1;0;0;0;0;-;0x610000;-;0x610000;-;1;1;1;1;0;0;0;0;-;;OK;
1;0;1;1;0;0;1;0;0;1;-;1;0;1;1;0;0;0;1;-;0x612000;-;0x612000;-;1;1;1;1;0;0;0;1;-;;OK;
1;0;1;1;0;0;1;0;1;0;-;1;0;1;1;0;0;1;0;-;0x614000;-;0x614000;-;1;1;1;1;0;0;1;0;-;;OK;
1;0;1;1;0;0;1;0;1;1;-;1;0;1;1;0;0;1;1;-;0x616000;-;0x616000;-;1;1;1;1;0;0;1;1;-;;OK;
1;0;1;1;0;0;1;1;0;0;-;1;0;1;1;0;1;0;0;-;0x618000;-;0x618000;-;1;1;1;1;0;1;0;0;-;;OK;
1;0;1;1;0;0;1;1;0;1;-;1;0;1;1;0;1;0;1;-;0x61a000;-;0x61a000;-;1;1;1;1;0;1;0;1;-;;OK;
1;0;1;1;0;0;1;1;1;0;-;1;0;1;1;0;1;1;0;-;0x61c000;-;0x61c000;-;1;1;1;1;0;1;1;0;-;;OK;
1;0;1;1;0;0;1;1;1;1;-;1;0;1;1;0;1;1;1;-;0x61e000;-;0x61e000;-;1;1;1;1;0;1;1;1;-;;OK;
1;0;1;1;0;1;0;0;0;0;-;1;0;1;1;0;0;0;0;-;0x620000;-;0x620000;-;1;1;1;1;0;0;0;0;-;;OK;
1;0;1;1;0;1;0;0;0;1;-;1;0;1;1;0;0;0;1;-;0x622000;-;0x622000;-;1;1;1;1;0;0;0;1;-;;OK;
1;0;1;1;0;1;0;0;1;0;-;1;0;1;1;0;0;1;0;-;0x624000;-;0x624000;-;1;1;1;1;0;0;1;0;-;;OK;
1;0;1;1;0;1;0;0;1;1;-;1;0;1;1;0;0;1;1;-;0x626000;-;0x626000;-;1;1;1;1;0;0;1;1;-;;OK;
1;0;1;1;0;1;0;1;0;0;-;1;0;1;1;0;1;0;0;-;0x628000;-;0x628000;-;1;1;1;1;0;1;0;0;-;;OK;
1;0;1;1;0;1;0;1;0;1;-;1;0;1;1;0;1;0;1;-;0x62a000;-;0x62a000;-;1;1;1;1;0;1;0;1;-;;OK;
1;0;1;1;0;1;0;1;1;0;-;1;0;1;1;0;1;1;0;-;0x62c000;-;0x62c000;-;1;1;1;1;0;1;1;0;-;;OK;
1;0;1;1;0;1;0;1;1;1;-;1;0;1;1;0;1;1;1;-;0x62e000;-;0x62e000;-;1;1;1;1;0;1;1;1;-;;OK;
1;0;1;1;0;1;1;0;0;0;-;1;0;1;1;0;0;0;0;-;0x630000;-;0x630000;-;1;1;1;1;0;0;0;0;-;;OK;
1;0;1;1;0;1;1;0;0;1;-;1;0;1;1;0;0;0;1;-;0x632000;-;0x632000;-;1;1;1;1;0;0;0;1;-;;OK;
1;0;1;1;0;1;1;0;1;0;-;1;0;1;1;0;0;1;0;-;0x634000;-;0x634000;-;1;1;1;1;0;0;1;0;-;;OK;
1;0;1;1;0;1;1;0;1;1;-;1;0;1;1;0;0;1;1;-;0x636000;-;0x636000;-;1;1;1;1;0;0;1;1;-;;OK;
1;0;1;1;0;1;1;1;0;0;-;1;0;1;1;0;1;0;0;-;0x638000;-;0x638000;-;1;1;1;1;0;1;0;0;-;;OK;
1;0;1;1;0;1;1;1;0;1;-;1;0;1;1;0;1;0;1;-;0x63a000;-;0x63a000;-;1;1;1;1;0;1;0;1;-;;OK;
1;0;1;1;0;1;1;1;1;0;-;1;0;1;1;0;1;1;0;-;0x63c000;-;0x63c000;-;1;1;1;1;0;1;1;0;-;;OK;
1;0;1;1;0;1;1;1;1;1;-;1;0;1;1;0;1;1;1;-;0x63e000;-;0x63e000;-;1;1;1;1;0;1;1;1;-;;OK;
1;0;1;1;1;0;0;0;0;0;-;1;0;1;1;1;0;0;0;-;0x700000;-;0x700000;-;1;1;1;1;1;0;0;0;-;;OK;
1;0;1;1;1;0;0;0;0;1;-;1;0;1;1;1;0;0;1;-;0x702000;-;0x702000;-;1;1;1;1;1;0;0;1;-;;OK;
1;0;1;1;1;0;0;0;1;0;-;1;0;1;1;1;0;1;0;-;0x704000;-;0x704000;-;1;1;1;1;1;0;1;0;-;;OK;
1;0;1;1;1;0;0;0;1;1;-;1;0;1;1;1;0;1;1;-;0x706000;-;0x706000;-;1;1;1;1;1;0;1;1;-;;OK;
1;0;1;1;1;0;0;1;0;0;-;1;0;1;1;1;1;0;0;-;0x708000;-;0x708000;-;1;1;1;1;1;1;0;0;-;;OK;
1;0;1;1;1;0;0;1;0;1;-;1;0;1;1;1;1;0;1;-;0x70a000;-;0x70a000;-;1;1;1;1;1;1;0;1;-;;OK;
1;0;1;1;1;0;0;1;1;0;-;1;0;1;1;1;1;1;0;-;0x70c000;-;0x70c000;-;1;1;1;1;1;1;1;0;-;;OK;
1;0;1;1;1;0;0;1;1;1;-;1;0;1;1;1;1;1;1;-;0x70e000;-;0x70e000;-;1;1;1;1;1;1;1;1;-;;OK;
1;0;1;1;1;0;1;0;0;0;-;1;0;1;1;1;0;0;0;-;0x710000;-;0x710000;-;1;1;1;1;1;0;0;0;-;;OK;
1;0;1;1;1;0;1;0;0;1;-;1;0;1;1;1;0;0;1;-;0x712000;-;0x712000;-;1;1;1;1;1;0;0;1;-;;OK;
1;0;1;1;1;0;1;0;1;0;-;1;0;1;1;1;0;1;0;-;0x714000;-;0x714000;-;1;1;1;1;1;0;1;0;-;;OK;
1;0;1;1;1;0;1;0;1;1;-;1;0;1;1;1;0;1;1;-;0x716000;-;0x716000;-;1;1;1;1;1;0;1;1;-;;OK;
1;0;1;1;1;0;1;1;0;0;-;1;0;1;1;1;1;0;0;-;0x718000;-;0x718000;-;1;1;1;1;1;1;0;0;-;;OK;
1;0;1;1;1;0;1;1;0;1;-;1;0;1;1;1;1;0;1;-;0x71a000;-;0x71a000;-;1;1;1;1;1;1;0;1;-;;OK;
1;0;1;1;1;0;1;1;1;0;-;1;0;1;1;1;1;1;0;-;0x71c000;-;0x71c000;-;1;1;1;1;1;1;1;0;-;;OK;
1;0;1;1;1;0;1;1;1;1;-;1;0;1;1;1;1;1;1;-;0x71e000;-;0x71e000;-;1;1;1;1;1;1;1;1;-;;OK;
1;0;1;1;1;1;0;0;0;0;-;1;0;1;1;1;0;0;0;-;0x720000;-;0x720000;-;1;1;1;1;1;0;0;0;-;;OK;
1;0;1;1;1;1;0;0;0;1;-;1;0;1;1;1;0;0;1;-;0x722000;-;0x722000;-;1;1;1;1;1;0;0;1;-;;OK;
1;0;1;1;1;1;0;0;1;0;-;1;0;1;1;1;0;1;0;-;0x724000;-;0x724000;-;1;1;1;1;1;0;1;0;-;;OK;
1;0;1;1;1;1;0;0;1;1;-;1;0;1;1;1;0;1;1;-;0x726000;-;0x726000;-;1;1;1;1;1;0;1;1;-;;OK;
1;0;1;1;1;1;0;1;0;0;-;1;0;1;1;1;1;0;0;-;0x728000;-;0x728000;-;1;1;1;1;1;1;0;0;-;;OK;
1;0;1;1;1;1;0;1;0;1;-;1;0;1;1;1;1;0;1;-;0x72a000;-;0x72a000;-;1;1;1;1;1;1;0;1;-;;OK;
1;0;1;1;1;1;0;1;1;0;-;1;0;1;1;1;1;1;0;-;0x72c000;-;0x72c000;-;1;1;1;1;1;1;1;0;-;;OK;
1;0;1;1;1;1;0;1;1;1;-;1;0;1;1;1;1;1;1;-;0x72e000;-;0x72e000;-;1;1;1;1;1;1;1;1;-;;OK;
1;0;1;1;1;1;1;0;0;0;-;1;0;1;1;1;0;0;0;-;0x730000;-;0x730000;-;1;1;1;1;1;0;0;0;-;;OK;
1;0;1;1;1;1;1;0;0;1;-;1;0;1;1;1;0;0;1;-;0x732000;-;0x732000;-;1;1;1;1;1;0;0;1;-;;OK;
1;0;1;1;1;1;1;0;1;0;-;1;0;1;1;1;0;1;0;-;0x734000;-;0x734000;-;1;1;1;1;1;0;1;0;-;;OK;
1;0;1;1;1;1;1;0;1;1;-;1;0;1;1;1;0;1;1;-;0x736000;-;0x736000;-;1;1;1;1;1;0;1;1;-;;OK;
1;0;1;1;1;1;1;1;0;0;-;1;0;1;1;1;1;0;0;-;0x738000;-;0x738000;-;1;1;1;1;1;1;0;0;-;;OK;
1;0;1;1;1;1;1;1;0;1;-;1;0;1;1;1;1;0;1;-;0x73a000;-;0x73a000;-;1;1;1;1;1;1;0;1;-;;OK;
1;0;1;1;1;1;1;1;1;0;-;1;0;1;1;1;1;1;0;-;0x73c000;-;0x73c000;-;1;1;1;1;1;1;1;0;-;;OK;
1;0;1;1;1;1;1;1;1;1;-;1;0;1;1;1;1;1;1;-;0x73e000;-;0x73e000;-;1;1;1;1;1;1;1;1;-;;OK;
1;1;0;0;0;0;0;0;0;0;-;1;0;0;0;0;0;0;0;-;0x800000;-;0x800000;-;1;1;0;0;0;0;0;0;-;;OK;
1;1;0;0;0;0;0;0;0;1;-;1;0;0;0;0;0;0;1;-;0x802000;-;0x802000;-;1;1;0;0;0;0;0;1;-;;OK;
1;1;0;0;0;0;0;0;1;0;-;1;0;0;0;0;0;1;0;-;0x804000;-;0x804000;-;1;1;0;0;0;0;1;0;-;;OK;
1;1;0;0;0;0;0;0;1;1;-;1;0;0;0;0;0;1;1;-;0x806000;-;0x806000;-;1;1;0;0;0;0;1;1;-;;OK;
1;1;0;0;0;0;0;1;0;0;-;1;0;0;0;0;1;0;0;-;0x808000;-;0x808000;-;1;1;0;0;0;1;0;0;-;;OK;
1;1;0;0;0;0;0;1;0;1;-;1;0;0;0;0;1;0;1;-;0x80a000;-;0x80a000;-;1;1;0;0;0;1;0;1;-;;OK;
1;1;0;0;0;0;0;1;1;0;-;1;0;0;0;0;1;1;0;-;0x80c000;-;0x80c000;-;1;1;0;0;0;1;1;0;-;;OK;
1;1;0;0;0;0;0;1;1;1;-;1;0;0;0;0;1;1;1;-;0x80e000;-;0x80e000;-;1;1;0;0;0;1;1;1;-;;OK;
1;1;0;0;0;0;1;0;0;0;-;1;0;0;0;0;0;0;0;-;0x810000;-;0x810000;-;1;1;0;0;0;0;0;0;-;;OK;
1;1;0;0;0;0;1;0;0;1;-;1;0;0;0;0;0;0;1;-;0x812000;-;0x812000;-;1;1;0;0;0;0;0;1;-;;OK;
1;1;0;0;0;0;1;0;1;0;-;1;0;0;0;0;0;1;0;-;0x814000;-;0x814000;-;1;1;0;0;0;0;1;0;-;;OK;
1;1;0;0;0;0;1;0;1;1;-;1;0;0;0;0;0;1;1;-;0x816000;-;0x816000;-;1;1;0;0;0;0;1;1;-;;OK;
1;1;0;0;0;0;1;1;0;0;-;1;0;0;0;0;1;0;0;-;0x818000;-;0x818000;-;1;1;0;0;0;1;0;0;-;;OK;
1;1;0;0;0;0;1;1;0;1;-;1;0;0;0;0;1;0;1;-;0x81a000;-;0x81a000;-;1;1;0;0;0;1;0;1;-;;OK;
1;1;0;0;0;0;1;1;1;0;-;1;0;0;0;0;1;1;0;-;0x81c000;-;0x81c000;-;1;1;0;0;0;1;1;0;-;;OK;
1;1;0;0;0;0;1;1;1;1;-;1;0;0;0;0;1;1;1;-;0x81e000;-;0x81e000;-;1;1;0;0;0;1;1;1;-;;OK;
1;1;0;0;0;1;0;0;0;0;-;1;0;0;0;0;0;0;0;-;0x820000;-;0x820000;-;1;1;0;0;0;0;0;0;-;;OK;
1;1;0;0;0;1;0;0;0;1;-;1;0;0;0;0;0;0;1;-;0x822000;-;0x822000;-;1;1;0;0;0;0;0;1;-;;OK;
1;1;0;0;0;1;0;0;1;0;-;1;0;0;0;0;0;1;0;-;0x824000;-;0x824000;-;1;1;0;0;0;0;1;0;-;;OK;
1;1;0;0;0;1;0;0;1;1;-;1;0;0;0;0;0;1;1;-;0x826000;-;0x826000;-;1;1;0;0;0;0;1;1;-;;OK;
1;1;0;0;0;1;0;1;0;0;-;1;0;0;0;0;1;0;0;-;0x828000;-;0x828000;-;1;1;0;0;0;1;0;0;-;;OK;
1;1;0;0;0;1;0;1;0;1;-;1;0;0;0;0;1;0;1;-;0x82a000;-;0x82a000;-;1;1;0;0;0;1;0;1;-;;OK;
1;1;0;0;0;1;0;1;1;0;-;1;0;0;0;0;1;1;0;-;0x82c000;-;0x82c000;-;1;1;0;0;0;1;1;0;-;;OK;
1;1;0;0;0;1;0;1;1;1;-;1;0;0;0;0;1;1;1;-;0x82e000;-;0x82e000;-;1;1;0;0;0;1;1;1;-;;OK;
1;1;0;0;0;1;1;0;0;0;-;1;0;0;0;0;0;0;0;-;0x830000;-;0x830000;-;1;1;0;0;0;0;0;0;-;;OK;
1;1;0;0;0;1;1;0;0;1;-;1;0;0;0;0;0;0;1;-;0x832000;-;0x832000;-;1;1;0;0;0;0;0;1;-;;OK;
1;1;0;0;0;1;1;0;1;0;-;1;0;0;0;0;0;1;0;-;0x834000;-;0x834000;-;1;1;0;0;0;0;1;0;-;;OK;
1;1;0;0;0;1;1;0;1;1;-;1;0;0;0;0;0;1;1;-;0x836000;-;0x836000;-;1;1;0;0;0;0;1;1;-;;OK;
1;1;0;0;0;1;1;1;0;0;-;1;0;0;0;0;1;0;0;-;0x838000;-;0x838000;-;1;1;0;0;0;1;0;0;-;;OK;
1;1;0;0;0;1;1;1;0;1;-;1;0;0;0;0;1;0;1;-;0x83a000;-;0x83a000;-;1;1;0;0;0;1;0;1;-;;OK;
1;1;0;0;0;1;1;1;1;0;-;1;0;0;0;0;1;1;0;-;0x83c000;-;0x83c000;-;1;1;0;0;0;1;1;0;-;;OK;
1;1;0;0;0;1;1;1;1;1;-;1;0;0;0;0;1;1;1;-;0x83e000;-;0x83e000;-;1;1;0;0;0;1;1;1;-;;OK;
1;1;0;0;1;0;0;0;0;0;-;1;0;0;0;1;0;0;0;-;0x900000;-;0x900000;-;1;1;0;0;1;0;0;0;-;;OK;
1;1;0;0;1;0;0;0;0;1;-;1;0;0;0;1;0;0;1;-;0x902000;-;0x902000;-;1;1;0;0;1;0;0;1;-;;OK;
1;1;0;0;1;0;0;0;1;0;-;1;0;0;0;1;0;1;0;-;0x904000;-;0x904000;-;1;1;0;0;1;0;1;0;-;;OK;
1;1;0;0;1;0;0;0;1;1;-;1;0;0;0;1;0;1;1;-;0x906000;-;0x906000;-;1;1;0;0;1;0;1;1;-;;OK;
1;1;0;0;1;0;0;1;0;0;-;1;0;0;0;1;1;0;0;-;0x908000;-;0x908000;-;1;1;0;0;1;1;0;0;-;;OK;
1;1;0;0;1;0;0;1;0;1;-;1;0;0;0;1;1;0;1;-;0x90a000;-;0x90a000;-;1;1;0;0;1;1;0;1;-;;OK;
1;1;0;0;1;0;0;1;1;0;-;1;0;0;0;1;1;1;0;-;0x90c000;-;0x90c000;-;1;1;0;0;1;1;1;0;-;;OK;
1;1;0;0;1;0;0;1;1;1;-;1;0;0;0;1;1;1;1;-;0x90e000;-;0x90e000;-;1;1;0;0;1;1;1;1;-;;OK;
1;1;0;0;1;0;1;0;0;0;-;1;0;0;0;1;0;0;0;-;0x910000;-;0x910000;-;1;1;0;0;1;0;0;0;-;;OK;
1;1;0;0;1;0;1;0;0;1;-;1;0;0;0;1;0;0;1;-;0x912000;-;0x912000;-;1;1;0;0;1;0;0;1;-;;OK;
1;1;0;0;1;0;1;0;1;0;-;1;0;0;0;1;0;1;0;-;0x914000;-;0x914000;-;1;1;0;0;1;0;1;0;-;;OK;
1;1;0;0;1;0;1;0;1;1;-;1;0;0;0;1;0;1;1;-;0x916000;-;0x916000;-;1;1;0;0;1;0;1;1;-;;OK;
1;1;0;0;1;0;1;1;0;0;-;1;0;0;0;1;1;0;0;-;0x918000;-;0x918000;-;1;1;0;0;1;1;0;0;-;;OK;
1;1;0;0;1;0;1;1;0;1;-;1;0;0;0;1;1;0;1;-;0x91a000;-;0x91a000;-;1;1;0;0;1;1;0;1;-;;OK;
1;1;0;0;1;0;1;1;1;0;-;1;0;0;0;1;1;1;0;-;0x91c000;-;0x91c000;-;1;1;0;0;1;1;1;0;-;;OK;
1;1;0;0;1;0;1;1;1;1;-;1;0;0;0;1;1;1;1;-;0x91e000;-;0x91e000;-;1;1;0;0;1;1;1;1;-;;OK;
1;1;0;0;1;1;0;0;0;0;-;1;0;0;0;1;0;0;0;-;0x920000;-;0x920000;-;1;1;0;0;1;0;0;0;-;;OK;
1;1;0;0;1;1;0;0;0;1;-;1;0;0;0;1;0;0;1;-;0x922000;-;0x922000;-;1;1;0;0;1;0;0;1;-;;OK;
1;1;0;0;1;1;0;0;1;0;-;1;0;0;0;1;0;1;0;-;0x924000;-;0x924000;-;1;1;0;0;1;0;1;0;-;;OK;
1;1;0;0;1;1;0;0;1;1;-;1;0;0;0;1;0;1;1;-;0x926000;-;0x926000;-;1;1;0;0;1;0;1;1;-;;OK;
1;1;0;0;1;1;0;1;0;0;-;1;0;0;0;1;1;0;0;-;0x928000;-;0x928000;-;1;1;0;0;1;1;0;0;-;;OK;
1;1;0;0;1;1;0;1;0;1;-;1;0;0;0;1;1;0;1;-;0x92a000;-;0x92a000;-;1;1;0;0;1;1;0;1;-;;OK;
1;1;0;0;1;1;0;1;1;0;-;1;0;0;0;1;1;1;0;-;0x92c000;-;0x92c000;-;1;1;0;0;1;1;1;0;-;;OK;
1;1;0;0;1;1;0;1;1;1;-;1;0;0;0;1;1;1;1;-;0x92e000;-;0x92e000;-;1;1;0;0;1;1;1;1;-;;OK;
1;1;0;0;1;1;1;0;0;0;-;1;0;0;0;1;0;0;0;-;0x930000;-;0x930000;-;1;1;0;0;1;0;0;0;-;;OK;
1;1;0;0;1;1;1;0;0;1;-;1;0;0;0;1;0;0;1;-;0x932000;-;0x932000;-;1;1;0;0;1;0;0;1;-;;OK;
1;1;0;0;1;1;1;0;1;0;-;1;0;0;0;1;0;1;0;-;0x934000;-;0x934000;-;1;1;0;0;1;0;1;0;-;;OK;
1;1;0;0;1;1;1;0;1;1;-;1;0;0;0;1;0;1;1;-;0x936000;-;0x936000;-;1;1;0;0;1;0;1;1;-;;OK;
1;1;0;0;1;1;1;1;0;0;-;1;0;0;0;1;1;0;0;-;0x938000;-;0x938000;-;1;1;0;0;1;1;0;0;-;;OK;
1;1;0;0;1;1;1;1;0;1;-;1;0;0;0;1;1;0;1;-;0x93a000;-;0x93a000;-;1;1;0;0;1;1;0;1;-;;OK;
1;1;0;0;1;1;1;1;1;0;-;1;0;0;0;1;1;1;0;-;0x93c000;-;0x93c000;-;1;1;0;0;1;1;1;0;-;;OK;
1;1;0;0;1;1;1;1;1;1;-;1;0;0;0;1;1;1;1;-;0x93e000;-;0x93e000;-;1;1;0;0;1;1;1;1;-;;OK;
1;1;0;1;0;0;0;0;0;0;-;1;0;0;1;0;0;0;0;-;0xa00000;-;0xa00000;-;1;1;0;1;0;0;0;0;-;;OK;
1;1;0;1;0;0;0;0;0;1;-;1;0;0;1;0;0;0;1;-;0xa02000;-;0xa02000;-;1;1;0;1;0;0;0;1;-;;OK;
1;1;0;1;0;0;0;0;1;0;-;1;0;0;1;0;0;1;0;-;0xa04000;-;0xa04000;-;1;1;0;1;0;0;1;0;-;;OK;
1;1;0;1;0;0;0;0;1;1;-;1;0;1;1;1;0;0;0;-;0xa06000;-;0xf00000;-;1;0;1;1;1;0;0;0;-;DIFF;OK;
1;1;0;1;0;0;0;1;0;0;-;1;0;0;1;0;1;0;0;-;0xa08000;-;0xa08000;-;1;1;0;1;0;1;0;0;-;;OK;
1;1;0;1;0;0;0;1;0;1;-;1;0;0;1;0;1;0;1;-;0xa0a000;-;0xa0a000;-;1;1;0;1;0;1;0;1;-;;OK;
1;1;0;1;0;0;0;1;1;0;-;1;0;0;1;0;1;1;0;-;0xa0c000;-;0xa0c000;-;1;1;0;1;0;1;1;0;-;;OK;
1;1;0;1;0;0;0;1;1;1;-;1;0;0;1;0;1;1;1;-;0xa0e000;-;0xa0e000;-;1;1;0;1;0;1;1;1;-;;OK;
1;1;0;1;0;0;1;0;0;0;-;1;0;0;1;0;0;0;0;-;0xa10000;-;0xa10000;-;1;1;0;1;0;0;0;0;-;;OK;
1;1;0;1;0;0;1;0;0;1;-;1;0;0;1;0;0;0;1;-;0xa12000;-;0xa12000;-;1;1;0;1;0;0;0;1;-;;OK;
1;1;0;1;0;0;1;0;1;0;-;1;0;0;1;0;0;1;0;-;0xa14000;-;0xa14000;-;1;1;0;1;0;0;1;0;-;;OK;
1;1;0;1;0;0;1;0;1;1;-;1;0;1;1;1;0;0;1;-;0xa16000;-;0xf12000;-;1;0;1;1;1;0;0;1;-;DIFF;OK;
1;1;0;1;0;0;1;1;0;0;-;1;0;0;1;0;1;0;0;-;0xa18000;-;0xa18000;-;1;1;0;1;0;1;0;0;-;;OK;
1;1;0;1;0;0;1;1;0;1;-;1;0;0;1;0;1;0;1;-;0xa1a000;-;0xa1a000;-;1;1;0;1;0;1;0;1;-;;OK;
1;1;0;1;0;0;1;1;1;0;-;1;0;0;1;0;1;1;0;-;0xa1c000;-;0xa1c000;-;1;1;0;1;0;1;1;0;-;;OK;
1;1;0;1;0;0;1;1;1;1;-;1;0;0;1;0;1;1;1;-;0xa1e000;-;0xa1e000;-;1;1;0;1;0;1;1;1;-;;OK;
1;1;0;1;0;1;0;0;0;0;-;1;0;0;1;0;0;0;0;-;0xa20000;-;0xa20000;-;1;1;0;1;0;0;0;0;-;;OK;
1;1;0;1;0;1;0;0;0;1;-;1;0;0;1;0;0;0;1;-;0xa22000;-;0xa22000;-;1;1;0;1;0;0;0;1;-;;OK;
1;1;0;1;0;1;0;0;1;0;-;1;0;0;1;0;0;1;0;-;0xa24000;-;0xa24000;-;1;1;0;1;0;0;1;0;-;;OK;
1;1;0;1;0;1;0;0;1;1;-;1;0;1;1;1;0;1;0;-;0xa26000;-;0xf24000;-;1;0;1;1;1;0;1;0;-;DIFF;OK;
1;1;0;1;0;1;0;1;0;0;-;1;0;0;1;0;1;0;0;-;0xa28000;-;0xa28000;-;1;1;0;1;0;1;0;0;-;;OK;
1;1;0;1;0;1;0;1;0;1;-;1;0;0;1;0;1;0;1;-;0xa2a000;-;0xa2a000;-;1;1;0;1;0;1;0;1;-;;OK;
1;1;0;1;0;1;0;1;1;0;-;1;0;0;1;0;1;1;0;-;0xa2c000;-;0xa2c000;-;1;1;0;1;0;1;1;0;-;;OK;
1;1;0;1;0;1;0;1;1;1;-;1;0;0;1;0;1;1;1;-;0xa2e000;-;0xa2e000;-;1;1;0;1;0;1;1;1;-;;OK;
1;1;0;1;0;1;1;0;0;0;-;1;0;0;1;0;0;0;0;-;0xa30000;-;0xa30000;-;1;1;0;1;0;0;0;0;-;;OK;
1;1;0;1;0;1;1;0;0;1;-;1;0;0;1;0;0;0;1;-;0xa32000;-;0xa32000;-;1;1;0;1;0;0;0;1;-;;OK;
1;1;0;1;0;1;1;0;1;0;-;1;0;0;1;0;0;1;0;-;0xa34000;-;0xa34000;-;1;1;0;1;0;0;1;0;-;;OK;
1;1;0;1;0;1;1;0;1;1;-;1;0;1;1;1;0;1;1;-;0xa36000;-;0xf36000;-;1;0;1;1;1;0;1;1;-;DIFF;OK;
1;1;0;1;0;1;1;1;0;0;-;1;0;0;1;0;1;0;0;-;0xa38000;-;0xa38000;-;1;1;0;1;0;1;0;0;-;;OK;
1;1;0;1;0;1;1;1;0;1;-;1;0;0;1;0;1;0;1;-;0xa3a000;-;0xa3a000;-;1;1;0;1;0;1;0;1;-;;OK;
1;1;0;1;0;1;1;1;1;0;-;1;0;0;1;0;1;1;0;-;0xa3c000;-;0xa3c000;-;1;1;0;1;0;1;1;0;-;;OK;
1;1;0;1;0;1;1;1;1;1;-;1;0;0;1;0;1;1;1;-;0xa3e000;-;0xa3e000;-;1;1;0;1;0;1;1;1;-;;OK;
1;1;0;1;1;0;0;0;0;0;-;1;0;0;1;1;0;0;0;-;0xb00000;-;0xb00000;-;1;1;0;1;1;0;0;0;-;;OK;
1;1;0;1;1;0;0;0;0;1;-;1;0;0;1;1;0;0;1;-;0xb02000;-;0xb02000;-;1;1;0;1;1;0;0;1;-;;OK;
1;1;0;1;1;0;0;0;1;0;-;1;0;0;1;1;0;1;0;-;0xb04000;-;0xb04000;-;1;1;0;1;1;0;1;0;-;;OK;
1;1;0;1;1;0;0;0;1;1;-;1;0;1;1;1;0;0;0;-;0xb06000;-;0xf00000;-;1;0;1;1;1;0;0;0;-;DIFF;OK;
1;1;0;1;1;0;0;1;0;0;-;1;0;0;1;1;1;0;0;-;0xb08000;-;0xb08000;-;1;1;0;1;1;1;0;0;-;;OK;
1;1;0;1;1;0;0;1;0;1;-;1;0;0;1;1;1;0;1;-;0xb0a000;-;0xb0a000;-;1;1;0;1;1;1;0;1;-;;OK;
1;1;0;1;1;0;0;1;1;0;-;1;0;0;1;1;1;1;0;-;0xb0c000;-;0xb0c000;-;1;1;0;1;1;1;1;0;-;;OK;
1;1;0;1;1;0;0;1;1;1;-;1;0;0;1;1;1;1;1;-;0xb0e000;-;0xb0e000;-;1;1;0;1;1;1;1;1;-;;OK;
1;1;0;1;1;0;1;0;0;0;-;1;0;0;1;1;0;0;0;-;0xb10000;-;0xb10000;-;1;1;0;1;1;0;0;0;-;;OK;
1;1;0;1;1;0;1;0;0;1;-;1;0;0;1;1;0;0;1;-;0xb12000;-;0xb12000;-;1;1;0;1;1;0;0;1;-;;OK;
1;1;0;1;1;0;1;0;1;0;-;1;0;0;1;1;0;1;0;-;0xb14000;-;0xb14000;-;1;1;0;1;1;0;1;0;-;;OK;
1;1;0;1;1;0;1;0;1;1;-;1;0;1;1;1;0;0;1;-;0xb16000;-;0xf12000;-;1;0;1;1;1;0;0;1;-;DIFF;OK;
1;1;0;1;1;0;1;1;0;0;-;1;0;0;1;1;1;0;0;-;0xb18000;-;0xb18000;-;1;1;0;1;1;1;0;0;-;;OK;
1;1;0;1;1;0;1;1;0;1;-;1;0;0;1;1;1;0;1;-;0xb1a000;-;0xb1a000;-;1;1;0;1;1;1;0;1;-;;OK;
1;1;0;1;1;0;1;1;1;0;-;1;0;0;1;1;1;1;0;-;0xb1c000;-;0xb1c000;-;1;1;0;1;1;1;1;0;-;;OK;
1;1;0;1;1;0;1;1;1;1;-;1;0;0;1;1;1;1;1;-;0xb1e000;-;0xb1e000;-;1;1;0;1;1;1;1;1;-;;OK;
1;1;0;1;1;1;0;0;0;0;-;1;0;0;1;1;0;0;0;-;0xb20000;-;0xb20000;-;1;1;0;1;1;0;0;0;-;;OK;
1;1;0;1;1;1;0;0;0;1;-;1;0;0;1;1;0;0;1;-;0xb22000;-;0xb22000;-;1;1;0;1;1;0;0;1;-;;OK;
1;1;0;1;1;1;0;0;1;0;-;1;0;0;1;1;0;1;0;-;0xb24000;-;0xb24000;-;1;1;0;1;1;0;1;0;-;;OK;
1;1;0;1;1;1;0;0;1;1;-;1;0;1;1;1;0;1;0;-;0xb26000;-;0xf24000;-;1;0;1;1;1;0;1;0;-;DIFF;OK;
1;1;0;1;1;1;0;1;0;0;-;1;0;0;1;1;1;0;0;-;0xb28000;-;0xb28000;-;1;1;0;1;1;1;0;0;-;;OK;
1;1;0;1;1;1;0;1;0;1;-;1;0;0;1;1;1;0;1;-;0xb2a000;-;0xb2a000;-;1;1;0;1;1;1;0;1;-;;OK;
1;1;0;1;1;1;0;1;1;0;-;1;0;0;1;1;1;1;0;-;0xb2c000;-;0xb2c000;-;1;1;0;1;1;1;1;0;-;;OK;
1;1;0;1;1;1;0;1;1;1;-;1;0;0;1;1;1;1;1;-;0xb2e000;-;0xb2e000;-;1;1;0;1;1;1;1;1;-;;OK;
1;1;0;1;1;1;1;0;0;0;-;1;0;0;1;1;0;0;0;-;0xb30000;-;0xb30000;-;1;1;0;1;1;0;0;0;-;;OK;
1;1;0;1;1;1;1;0;0;1;-;1;0;0;1;1;0;0;1;-;0xb32000;-;0xb32000;-;1;1;0;1;1;0;0;1;-;;OK;
1;1;0;1;1;1;1;0;1;0;-;1;0;0;1;1;0;1;0;-;0xb34000;-;0xb34000;-;1;1;0;1;1;0;1;0;-;;OK;
1;1;0;1;1;1;1;0;1;1;-;1;0;1;1;1;0;1;1;-;0xb36000;-;0xf36000;-;1;0;1;1;1;0;1;1;-;DIFF;OK;
1;1;0;1;1;1;1;1;0;0;-;1;0;0;1;1;1;0;0;-;0xb38000;-;0xb38000;-;1;1;0;1;1;1;0;0;-;;OK;
1;1;0;1;1;1;1;1;0;1;-;1;0;0;1;1;1;0;1;-;0xb3a000;-;0xb3a000;-;1;1;0;1;1;1;0;1;-;;OK;
1;1;0;1;1;1;1;1;1;0;-;1;0;0;1;1;1;1;0;-;0xb3c000;-;0xb3c000;-;1;1;0;1;1;1;1;0;-;;OK;
1;1;0;1;1;1;1;1;1;1;-;1;0;0;1;1;1;1;1;-;0xb3e000;-;0xb3e000;-;1;1;0;1;1;1;1;1;-;;OK;
1;1;1;0;0;0;0;0;0;0;-;1;0;0;1;0;1;0;0;-;0xc00000;-;0xa08000;-;1;1;0;1;0;1;0;0;-;DIFF;OK;
1;1;1;0;0;0;0;0;0;1;-;1;0;0;1;0;1;0;1;-;0xc02000;-;0xa0a000;-;1;1;0;1;0;1;0;1;-;DIFF;OK;
1;1;1;0;0;0;0;0;1;0;-;1;0;0;1;0;1;1;0;-;0xc04000;-;0xa0c000;-;1;1;0;1;0;1;1;0;-;DIFF;OK;
1;1;1;0;0;0;0;0;1;1;-;1;0;0;1;0;1;1;1;-;0xc06000;-;0xa0e000;-;1;1;0;1;0;1;1;1;-;DIFF;OK;
1;1;1;0;0;0;0;1;0;0;-;1;0;0;0;0;1;0;0;-;0xc08000;-;0x808000;-;1;1;0;0;0;1;0;0;-;DIFF;OK;
1;1;1;0;0;0;0;1;0;1;-;1;0;0;0;0;1;0;1;-;0xc0a000;-;0x80a000;-;1;1;0;0;0;1;0;1;-;DIFF;OK;
1;1;1;0;0;0;0;1;1;0;-;1;0;0;0;0;1;1;0;-;0xc0c000;-;0x80c000;-;1;1;0;0;0;1;1;0;-;DIFF;OK;
1;1;1;0;0;0;0;1;1;1;-;1;0;0;0;0;1;1;1;-;0xc0e000;-;0x80e000;-;1;1;0;0;0;1;1;1;-;DIFF;OK;
1;1;1;0;0;0;1;0;0;0;-;1;0;0;1;0;1;0;0;-;0xc10000;-;0xa18000;-;1;1;0;1;0;1;0;0;-;DIFF;OK;
1;1;1;0;0;0;1;0;0;1;-;1;0;0;1;0;1;0;1;-;0xc12000;-;0xa1a000;-;1;1;0;1;0;1;0;1;-;DIFF;OK;
1;1;1;0;0;0;1;0;1;0;-;1;0;0;1;0;1;1;0;-;0xc14000;-;0xa1c000;-;1;1;0;1;0;1;1;0;-;DIFF;OK;
1;1;1;0;0;0;1;0;1;1;-;1;0;0;1;0;1;1;1;-;0xc16000;-;0xa1e000;-;1;1;0;1;0;1;1;1;-;DIFF;OK;
1;1;1;0;0;0;1;1;0;0;-;1;0;0;0;0;1;0;0;-;0xc18000;-;0x818000;-;1;1;0;0;0;1;0;0;-;DIFF;OK;
1;1;1;0;0;0;1;1;0;1;-;1;0;0;0;0;1;0;1;-;0xc1a000;-;0x81a000;-;1;1;0;0;0;1;0;1;-;DIFF;OK;
1;1;1;0;0;0;1;1;1;0;-;1;0;0;0;0;1;1;0;-;0xc1c000;-;0x81c000;-;1;1;0;0;0;1;1;0;-;DIFF;OK;
1;1;1;0;0;0;1;1;1;1;-;1;0;0;0;0;1;1;1;-;0xc1e000;-;0x81e000;-;1;1;0;0;0;1;1;1;-;DIFF;OK;
1;1;1;0;0;1;0;0;0;0;-;1;0;0;1;0;1;0;0;-;0xc20000;-;0xa28000;-;1;1;0;1;0;1;0;0;-;DIFF;OK;
1;1;1;0;0;1;0;0;0;1;-;1;0;0;1;0;1;0;1;-;0xc22000;-;0xa2a000;-;1;1;0;1;0;1;0;1;-;DIFF;OK;
1;1;1;0;0;1;0;0;1;0;-;1;0;0;1;0;1;1;0;-;0xc24000;-;0xa2c000;-;1;1;0;1;0;1;1;0;-;DIFF;OK;
1;1;1;0;0;1;0;0;1;1;-;1;0;0;1;0;1;1;1;-;0xc26000;-;0xa2e000;-;1;1;0;1;0;1;1;1;-;DIFF;OK;
1;1;1;0;0;1;0;1;0;0;-;1;0;0;0;0;1;0;0;-;0xc28000;-;0x828000;-;1;1;0;0;0;1;0;0;-;DIFF;OK;
1;1;1;0;0;1;0;1;0;1;-;1;0;0;0;0;1;0;1;-;0xc2a000;-;0x82a000;-;1;1;0;0;0;1;0;1;-;DIFF;OK;
1;1;1;0;0;1;0;1;1;0;-;1;0;0;0;0;1;1;0;-;0xc2c000;-;0x82c000;-;1;1;0;0;0;1;1;0;-;DIFF;OK;
1;1;1;0;0;1;0;1;1;1;-;1;0;0;0;0;1;1;1;-;0xc2e000;-;0x82e000;-;1;1;0;0;0;1;1;1;-;DIFF;OK;
1;1;1;0;0;1;1;0;0;0;-;1;0;0;1;0;1;0;0;-;0xc30000;-;0xa38000;-;1;1;0;1;0;1;0;0;-;DIFF;OK;
1;1;1;0;0;1;1;0;0;1;-;1;0;0;1;0;1;0;1;-;0xc32000;-;0xa3a000;-;1;1;0;1;0;1;0;1;-;DIFF;OK;
1;1;1;0;0;1;1;0;1;0;-;1;0;0;1;0;1;1;0;-;0xc34000;-;0xa3c000;-;1;1;0;1;0;1;1;0;-;DIFF;OK;
1;1;1;0;0;1;1;0;1;1;-;1;0;0;1;0;1;1;1;-;0xc36000;-;0xa3e000;-;1;1;0;1;0;1;1;1;-;DIFF;OK;
1;1;1;0;0;1;1;1;0;0;-;1;0;0;0;0;1;0;0;-;0xc38000;-;0x838000;-;1;1;0;0;0;1;0;0;-;DIFF;OK;
1;1;1;0;0;1;1;1;0;1;-;1;0;0;0;0;1;0;1;-;0xc3a000;-;0x83a000;-;1;1;0;0;0;1;0;1;-;DIFF;OK;
1;1;1;0;0;1;1;1;1;0;-;1;0;0;0;0;1;1;0;-;0xc3c000;-;0x83c000;-;1;1;0;0;0;1;1;0;-;DIFF;OK;
1;1;1;0;0;1;1;1;1;1;-;1;0;0;0;0;1;1;1;-;0xc3e000;-;0x83e000;-;1;1;0;0;0;1;1;1;-;DIFF;OK;
1;1;1;0;1;0;0;0;0;0;-;1;0;0;1;1;1;0;0;-;0xd00000;-;0xb08000;-;1;1;0;1;1;1;0;0;-;DIFF;OK;
1;1;1;0;1;0;0;0;0;1;-;1;0;0;1;1;1;0;1;-;0xd02000;-;0xb0a000;-;1;1;0;1;1;1;0;1;-;DIFF;OK;
1;1;1;0;1;0;0;0;1;0;-;1;0;0;1;1;1;1;0;-;0xd04000;-;0xb0c000;-;1;1;0;1;1;1;1;0;-;DIFF;OK;
1;1;1;0;1;0;0;0;1;1;-;1;0;0;1;1;1;1;1;-;0xd06000;-;0xb0e000;-;1;1;0;1;1;1;1;1;-;DIFF;OK;
1;1;1;0;1;0;0;1;0;0;-;1;0;0;0;1;1;0;0;-;0xd08000;-;0x908000;-;1;1;0;0;1;1;0;0;-;DIFF;OK;
1;1;1;0;1;0;0;1;0;1;-;1;0;0;0;1;1;0;1;-;0xd0a000;-;0x90a000;-;1;1;0;0;1;1;0;1;-;DIFF;OK;
1;1;1;0;1;0;0;1;1;0;-;1;0;0;0;1;1;1;0;-;0xd0c000;-;0x90c000;-;1;1;0;0;1;1;1;0;-;DIFF;OK;
1;1;1;0;1;0;0;1;1;1;-;1;0;0;0;1;1;1;1;-;0xd0e000;-;0x90e000;-;1;1;0;0;1;1;1;1;-;DIFF;OK;
1;1;1;0;1;0;1;0;0;0;-;1;0;0;1;1;1;0;0;-;0xd10000;-;0xb18000;-;1;1;0;1;1;1;0;0;-;DIFF;OK;
1;1;1;0;1;0;1;0;0;1;-;1;0;0;1;1;1;0;1;-;0xd12000;-;0xb1a000;-;1;1;0;1;1;1;0;1;-;DIFF;OK;
1;1;1;0;1;0;1;0;1;0;-;1;0;0;1;1;1;1;0;-;0xd14000;-;0xb1c000;-;1;1;0;1;1;1;1;0;-;DIFF;OK;
1;1;1;0;1;0;1;0;1;1;-;1;0;0;1;1;1;1;1;-;0xd16000;-;0xb1e000;-;1;1;0;1;1;1;1;1;-;DIFF;OK;
1;1;1;0;1;0;1;1;0;0;-;1;0;0;0;1;1;0;0;-;0xd18000;-;0x918000;-;1;1;0;0;1;1;0;0;-;DIFF;OK;
1;1;1;0;1;0;1;1;0;1;-;1;0;0;0;1;1;0;1;-;0xd1a000;-;0x91a000;-;1;1;0;0;1;1;0;1;-;DIFF;OK;
1;1;1;0;1;0;1;1;1;0;-;1;0;0;0;1;1;1;0;-;0xd1c000;-;0x91c000;-;1;1;0;0;1;1;1;0;-;DIFF;OK;
1;1;1;0;1;0;1;1;1;1;-;1;0;0;0;1;1;1;1;-;0xd1e000;-;0x91e000;-;1;1;0;0;1;1;1;1;-;DIFF;OK;
1;1;1;0;1;1;0;0;0;0;-;1;0;0;1;1;1;0;0;-;0xd20000;-;0xb28000;-;1;1;0;1;1;1;0;0;-;DIFF;OK;
1;1;1;0;1;1;0;0;0;1;-;1;0;0;1;1;1;0;1;-;0xd22000;-;0xb2a000;-;1;1;0;1;1;1;0;1;-;DIFF;OK;
1;1;1;0;1;1;0;0;1;0;-;1;0;0;1;1;1;1;0;-;0xd24000;-;0xb2c000;-;1;1;0;1;1;1;1;0;-;DIFF;OK;
1;1;1;0;1;1;0;0;1;1;-;1;0;0;1;1;1;1;1;-;0xd26000;-;0xb2e000;-;1;1;0;1;1;1;1;1;-;DIFF;OK;
1;1;1;0;1;1;0;1;0;0;-;1;0;0;0;1;1;0;0;-;0xd28000;-;0x928000;-;1;1;0;0;1;1;0;0;-;DIFF;OK;
1;1;1;0;1;1;0;1;0;1;-;1;0;0;0;1;1;0;1;-;0xd2a000;-;0x92a000;-;1;1;0;0;1;1;0;1;-;DIFF;OK;
1;1;1;0;1;1;0;1;1;0;-;1;0;0;0;1;1;1;0;-;0xd2c000;-;0x92c000;-;1;1;0;0;1;1;1;0;-;DIFF;OK;
1;1;1;0;1;1;0;1;1;1;-;1;0;0;0;1;1;1;1;-;0xd2e000;-;0x92e000;-;1;1;0;0;1;1;1;1;-;DIFF;OK;
1;1;1;0;1;1;1;0;0;0;-;1;0;0;1;1;1;0;0;-;0xd30000;-;0xb38000;-;1;1;0;1;1;1;0;0;-;DIFF;OK;
1;1;1;0;1;1;1;0;0;1;-;1;0;0;1;1;1;0;1;-;0xd32000;-;0xb3a000;-;1;1;0;1;1;1;0;1;-;DIFF;OK;
1;1;1;0;1;1;1;0;1;0;-;1;0;0;1;1;1;1;0;-;0xd34000;-;0xb3c000;-;1;1;0;1;1;1;1;0;-;DIFF;OK;
1;1;1;0;1;1;1;0;1;1;-;1;0;0;1;1;1;1;1;-;0xd36000;-;0xb3e000;-;1;1;0;1;1;1;1;1;-;DIFF;OK;
1;1;1;0;1;1;1;1;0;0;-;1;0;0;0;1;1;0;0;-;0xd38000;-;0x938000;-;1;1;0;0;1;1;0;0;-;DIFF;OK;
1;1;1;0;1;1;1;1;0;1;-;1;0;0;0;1;1;0;1;-;0xd3a000;-;0x93a000;-;1;1;0;0;1;1;0;1;-;DIFF;OK;
1;1;1;0;1;1;1;1;1;0;-;1;0;0;0;1;1;1;0;-;0xd3c000;-;0x93c000;-;1;1;0;0;1;1;1;0;-;DIFF;OK;
1;1;1;0;1;1;1;1;1;1;-;1;0;0;0;1;1;1;1;-;0xd3e000;-;0x93e000;-;1;1;0;0;1;1;1;1;-;DIFF;OK;
1;1;1;1;0;0;0;0;0;0;-;1;0;0;1;0;1;0;0;-;0xe00000;-;0xa08000;-;1;1;0;1;0;1;0;0;-;DIFF;OK;
1;1;1;1;0;0;0;0;0;1;-;1;0;0;1;0;1;0;1;-;0xe02000;-;0xa0a000;-;1;1;0;1;0;1;0;1;-;DIFF;OK;
1;1;1;1;0;0;0;0;1;0;-;1;0;0;1;0;1;1;0;-;0xe04000;-;0xa0c000;-;1;1;0;1;0;1;1;0;-;DIFF;OK;
1;1;1;1;0;0;0;0;1;1;-;1;0;0;1;0;1;1;1;-;0xe06000;-;0xa0e000;-;1;1;0;1;0;1;1;1;-;DIFF;OK;
1;1;1;1;0;0;0;1;0;0;-;1;0;0;0;0;1;0;0;-;0xe08000;-;0x808000;-;1;1;0;0;0;1;0;0;-;DIFF;OK;
1;1;1;1;0;0;0;1;0;1;-;1;0;0;0;0;1;0;1;-;0xe0a000;-;0x80a000;-;1;1;0;0;0;1;0;1;-;DIFF;OK;
1;1;1;1;0;0;0;1;1;0;-;1;0;0;0;0;1;1;0;-;0xe0c000;-;0x80c000;-;1;1;0;0;0;1;1;0;-;DIFF;OK;
1;1;1;1;0;0;0;1;1;1;-;1;0;0;0;0;1;1;1;-;0xe0e000;-;0x80e000;-;1;1;0;0;0;1;1;1;-;DIFF;OK;
1;1;1;1;0;0;1;0;0;0;-;1;0;0;1;0;1;0;0;-;0xe10000;-;0xa18000;-;1;1;0;1;0;1;0;0;-;DIFF;OK;
1;1;1;1;0;0;1;0;0;1;-;1;0;0;1;0;1;0;1;-;0xe12000;-;0xa1a000;-;1;1;0;1;0;1;0;1;-;DIFF;OK;
1;1;1;1;0;0;1;0;1;0;-;1;0;0;1;0;1;1;0;-;0xe14000;-;0xa1c000;-;1;1;0;1;0;1;1;0;-;DIFF;OK;
1;1;1;1;0;0;1;0;1;1;-;1;0;0;1;0;1;1;1;-;0xe16000;-;0xa1e000;-;1;1;0;1;0;1;1;1;-;DIFF;OK;
1;1;1;1;0;0;1;1;0;0;-;1;0;0;0;0;1;0;0;-;0xe18000;-;0x818000;-;1;1;0;0;0;1;0;0;-;DIFF;OK;
1;1;1;1;0;0;1;1;0;1;-;1;0;0;0;0;1;0;1;-;0xe1a000;-;0x81a000;-;1;1;0;0;0;1;0;1;-;DIFF;OK;
1;1;1;1;0;0;1;1;1;0;-;1;0;0;0;0;1;1;0;-;0xe1c000;-;0x81c000;-;1;1;0;0;0;1;1;0;-;DIFF;OK;
1;1;1;1;0;0;1;1;1;1;-;1;0;0;0;0;1;1;1;-;0xe1e000;-;0x81e000;-;1;1;0;0;0;1;1;1;-;DIFF;OK;
1;1;1;1;0;1;0;0;0;0;-;1;0;0;1;0;1;0;0;-;0xe20000;-;0xa28000;-;1;1;0;1;0;1;0;0;-;DIFF;OK;
1;1;1;1;0;1;0;0;0;1;-;1;0;0;1;0;1;0;1;-;0xe22000;-;0xa2a000;-;1;1;0;1;0;1;0;1;-;DIFF;OK;
1;1;1;1;0;1;0;0;1;0;-;1;0;0;1;0;1;1;0;-;0xe24000;-;0xa2c000;-;1;1;0;1;0;1;1;0;-;DIFF;OK;
1;1;1;1;0;1;0;0;1;1;-;1;0;0;1;0;1;1;1;-;0xe26000;-;0xa2e000;-;1;1;0;1;0;1;1;1;-;DIFF;OK;
1;1;1;1;0;1;0;1;0;0;-;1;0;0;0;0;1;0;0;-;0xe28000;-;0x828000;-;1;1;0;0;0;1;0;0;-;DIFF;OK;
1;1;1;1;0;1;0;1;0;1;-;1;0;0;0;0;1;0;1;-;0xe2a000;-;0x82a000;-;1;1;0;0;0;1;0;1;-;DIFF;OK;
1;1;1;1;0;1;0;1;1;0;-;1;0;0;0;0;1;1;0;-;0xe2c000;-;0x82c000;-;1;1;0;0;0;1;1;0;-;DIFF;OK;
1;1;1;1;0;1;0;1;1;1;-;1;0;0;0;0;1;1;1;-;0xe2e000;-;0x82e000;-;1;1;0;0;0;1;1;1;-;DIFF;OK;
1;1;1;1;0;1;1;0;0;0;-;1;0;0;1;0;1;0;0;-;0xe30000;-;0xa38000;-;1;1;0;1;0;1;0;0;-;DIFF;OK;
1;1;1;1;0;1;1;0;0;1;-;1;0;0;1;0;1;0;1;-;0xe32000;-;0xa3a000;-;1;1;0;1;0;1;0;1;-;DIFF;OK;
1;1;1;1;0;1;1;0;1;0;-;1;0;0;1;0;1;1;0;-;0xe34000;-;0xa3c000;-;1;1;0;1;0;1;1;0;-;DIFF;OK;
1;1;1;1;0;1;1;0;1;1;-;1;0;0;1;0;1;1;1;-;0xe36000;-;0xa3e000;-;1;1;0;1;0;1;1;1;-;DIFF;OK;
1;1;1;1;0;1;1;1;0;0;-;1;0;0;0;0;1;0;0;-;0xe38000;-;0x838000;-;1;1;0;0;0;1;0;0;-;DIFF;OK;
1;1;1;1;0;1;1;1;0;1;-;1;0;0;0;0;1;0;1;-;0xe3a000;-;0x83a000;-;1;1;0;0;0;1;0;1;-;DIFF;OK;
1;1;1;1;0;1;1;1;1;0;-;1;0;0;0;0;1;1;0;-;0xe3c000;-;0x83c000;-;1;1;0;0;0;1;1;0;-;DIFF;OK;
1;1;1;1;0;1;1;1;1;1;-;1;0;0;0;0;1;1;1;-;0xe3e000;-;0x83e000;-;1;1;0;0;0;1;1;1;-;DIFF;OK;
1;1;1;1;1;0;0;0;0;0;-;1;0;0;1;1;1;0;0;-;0xf00000;-;0xb08000;-;1;1;0;1;1;1;0;0;-;DIFF;OK;
1;1;1;1;1;0;0;0;0;1;-;1;0;0;1;1;1;0;1;-;0xf02000;-;0xb0a000;-;1;1;0;1;1;1;0;1;-;DIFF;OK;
1;1;1;1;1;0;0;0;1;0;-;1;0;0;1;1;1;1;0;-;0xf04000;-;0xb0c000;-;1;1;0;1;1;1;1;0;-;DIFF;OK;
1;1;1;1;1;0;0;0;1;1;-;1;0;0;1;1;1;1;1;-;0xf06000;-;0xb0e000;-;1;1;0;1;1;1;1;1;-;DIFF;OK;
1;1;1;1;1;0;0;1;0;0;-;1;0;0;0;1;1;0;0;-;0xf08000;-;0x908000;-;1;1;0;0;1;1;0;0;-;DIFF;OK;
1;1;1;1;1;0;0;1;0;1;-;1;0;0;0;1;1;0;1;-;0xf0a000;-;0x90a000;-;1;1;0;0;1;1;0;1;-;DIFF;OK;
1;1;1;1;1;0;0;1;1;0;-;1;0;0;0;1;1;1;0;-;0xf0c000;-;0x90c000;-;1;1;0;0;1;1;1;0;-;DIFF;OK;
1;1;1;1;1;0;0;1;1;1;-;1;0;0;0;1;1;1;1;-;0xf0e000;-;0x90e000;-;1;1;0;0;1;1;1;1;-;DIFF;OK;
1;1;1;1;1;0;1;0;0;0;-;1;0;0;1;1;1;0;0;-;0xf10000;-;0xb18000;-;1;1;0;1;1;1;0;0;-;DIFF;OK;
1;1;1;1;1;0;1;0;0;1;-;1;0;0;1;1;1;0;1;-;0xf12000;-;0xb1a000;-;1;1;0;1;1;1;0;1;-;DIFF;OK;
1;1;1;1;1;0;1;0;1;0;-;1;0;0;1;1;1;1;0;-;0xf14000;-;0xb1c000;-;1;1;0;1;1;1;1;0;-;DIFF;OK;
1;1;1;1;1;0;1;0;1;1;-;1;0;0;1;1;1;1;1;-;0xf16000;-;0xb1e000;-;1;1;0;1;1;1;1;1;-;DIFF;OK;
1;1;1;1;1;0;1;1;0;0;-;1;0;0;0;1;1;0;0;-;0xf18000;-;0x918000;-;1;1;0;0;1;1;0;0;-;DIFF;OK;
1;1;1;1;1;0;1;1;0;1;-;1;0;0;0;1;1;0;1;-;0xf1a000;-;0x91a000;-;1;1;0;0;1;1;0;1;-;DIFF;OK;
1;1;1;1;1;0;1;1;1;0;-;1;0;0;0;1;1;1;0;-;0xf1c000;-;0x91c000;-;1;1;0;0;1;1;1;0;-;DIFF;OK;
1;1;1;1;1;0;1;1;1;1;-;1;0;0;0;1;1;1;1;-;0xf1e000;-;0x91e000;-;1;1;0;0;1;1;1;1;-;DIFF;OK;
1;1;1;1;1;1;0;0;0;0;-;1;0;0;1;1;1;0;0;-;0xf20000;-;0xb28000;-;1;1;0;1;1;1;0;0;-;DIFF;OK;
1;1;1;1;1;1;0;0;0;1;-;1;0;0;1;1;1;0;1;-;0xf22000;-;0xb2a000;-;1;1;0;1;1;1;0;1;-;DIFF;OK;
1;1;1;1;1;1;0;0;1;0;-;1;0;0;1;1;1;1;0;-;0xf24000;-;0xb2c000;-;1;1;0;1;1;1;1;0;-;DIFF;OK;
1;1;1;1;1;1;0;0;1;1;-;1;0;0;1;1;1;1;1;-;0xf26000;-;0xb2e000;-;1;1;0;1;1;1;1;1;-;DIFF;OK;
1;1;1;1;1;1;0;1;0;0;-;1;0;0;0;1;1;0;0;-;0xf28000;-;0x928000;-;1;1;0;0;1;1;0;0;-;DIFF;OK;
1;1;1;1;1;1;0;1;0;1;-;1;0;0;0;1;1;0;1;-;0xf2a000;-;0x92a000;-;1;1;0;0;1;1;0;1;-;DIFF;OK;
1;1;1;1;1;1;0;1;1;0;-;1;0;0;0;1;1;1;0;-;0xf2c000;-;0x92c000;-;1;1;0;0;1;1;1;0;-;DIFF;OK;
1;1;1;1;1;1;0;1;1;1;-;1;0;0;0;1;1;1;1;-;0xf2e000;-;0x92e000;-;1;1;0;0;1;1;1;1;-;DIFF;OK;
1;1;1;1;1;1;1;0;0;0;-;1;0;0;1;1;1;0;0;-;0xf30000;-;0xb38000;-;1;1;0;1;1;1;0;0;-;DIFF;OK;
1;1;1;1;1;1;1;0;0;1;-;1;0;0;1;1;1;0;1;-;0xf32000;-;0xb3a000;-;1;1;0;1;1;1;0;1;-;DIFF;OK;
1;1;1;1;1;1;1;0;1;0;-;1;0;0;1;1;1;1;0;-;0xf34000;-;0xb3c000;-;1;1;0;1;1;1;1;0;-;DIFF;OK;
1;1;1;1;1;1;1;0;1;1;-;1;0;0;1;1;1;1;1;-;0xf36000;-;0xb3e000;-;1;1;0;1;1;1;1;1;-;DIFF;OK;
1;1;1;1;1;1;1;1;0;0;-;1;0;0;0;1;1;0;0;-;0xf38000;-;0x938000;-;1;1;0;0;1;1;0;0;-;DIFF;OK;
1;1;1;1;1;1;1;1;0;1;-;1;0;0;0;1;1;0;1;-;0xf3a000;-;0x93a000;-;1;1;0;0;1;1;0;1;-;DIFF;OK;
1;1;1;1;1;1;1;1;1;0;-;1;0;0;0;1;1;1;0;-;0xf3c000;-;0x93c000;-;1;1;0;0;1;1;1;0;-;DIFF;OK;
1;1;1;1;1;1;1;1;1;1;-;1;0;0;0;1;1;1;1;-;0xf3e000;-;0x93e000;-;1;1;0;0;1;1;1;1;-;DIFF;OK;
